surface,router,name,proposedPermission,kind,procedure,authority,module,level,roles,branch,sensitivity,sensitivityWhy,flags,loc
"trpc","accountsRouter","list","reports.account.list","query","reportViewerProcedure","module-gate","reports","READ","manager|accountant|auditor","asserted","LOW","قراءة","","server/routers/accountsRouter.ts:10"
"trpc","accountsRouter","tree","reports.account.tree","query","reportViewerProcedure","module-gate","reports","READ","manager|accountant|auditor","asserted","LOW","قراءة","","server/routers/accountsRouter.ts:8"
"trpc","apRemindersRouter","history","purchasing.ap_reminder.history","query","suppliersManagerProcedure","module-gate","suppliers","FULL","manager|warehouse|purchasing","required","LOW","قراءة","","server/routers/apRemindersRouter.ts:59"
"trpc","apRemindersRouter","logSent","purchasing.ap_reminder.log_sent","mutation","suppliersManagerProcedure","module-gate","suppliers","FULL","manager|warehouse|purchasing","required","MEDIUM","كتابة","","server/routers/apRemindersRouter.ts:73"
"trpc","apRemindersRouter","logSkipped","purchasing.ap_reminder.log_skipped","mutation","suppliersManagerProcedure","module-gate","suppliers","FULL","manager|warehouse|purchasing","required","MEDIUM","كتابة","","server/routers/apRemindersRouter.ts:134"
"trpc","apRemindersRouter","queue","purchasing.ap_reminder.queue","query","suppliersManagerProcedure","module-gate","suppliers","FULL","manager|warehouse|purchasing","required","LOW","قراءة","","server/routers/apRemindersRouter.ts:54"
"trpc","apRemindersRouter","sendViaApi","purchasing.ap_reminder.send","mutation","suppliersManagerProcedure","module-gate","suppliers","FULL","manager|warehouse|purchasing","required","HIGH","فعل حسّاس: send","SENSITIVE_ACTION","server/routers/apRemindersRouter.ts:105"
"trpc","arRemindersRouter","history","ar.ar_reminder.history","query","collectionsManagerProcedure","module-gate","collections","FULL","manager|accountant|admin","required","LOW","قراءة","HANDLER_ROLE_CHECK|ADMIN_ONLY","server/routers/arRemindersRouter.ts:98"
"trpc","arRemindersRouter","logSent","ar.ar_reminder.log_sent","mutation","collectionsManagerProcedure","module-gate","collections","FULL","manager|accountant","required","MEDIUM","كتابة","","server/routers/arRemindersRouter.ts:119"
"trpc","arRemindersRouter","logSkipped","ar.ar_reminder.log_skipped","mutation","collectionsManagerProcedure","module-gate","collections","FULL","manager|accountant","required","MEDIUM","كتابة","","server/routers/arRemindersRouter.ts:191"
"trpc","arRemindersRouter","queue","ar.ar_reminder.queue","query","collectionsManagerProcedure","module-gate","collections","FULL","manager|accountant|admin","required","LOW","قراءة","HANDLER_ROLE_CHECK|ADMIN_ONLY","server/routers/arRemindersRouter.ts:82"
"trpc","arRemindersRouter","sendViaApi","ar.ar_reminder.send","mutation","collectionsManagerProcedure","module-gate","collections","FULL","manager|accountant","required","HIGH","فعل حسّاس: send","SENSITIVE_ACTION","server/routers/arRemindersRouter.ts:156"
"trpc","assetsRouter","addDocument","assets.asset.create","mutation","assetWrite","module-map","assets","FULL","","none","MEDIUM","كتابة","NO_BRANCH_SCOPE|LOCAL_GATE","server/routers/assetsRouter.ts:213"
"trpc","assetsRouter","addMaintenance","assets.asset.create","mutation","assetWrite","module-map","assets","FULL","","none","MEDIUM","كتابة","NO_BRANCH_SCOPE|LOCAL_GATE","server/routers/assetsRouter.ts:167"
"trpc","assetsRouter","create","assets.asset.create","mutation","assetWrite","module-map","assets","FULL","","none","MEDIUM","كتابة","NO_BRANCH_SCOPE|LOCAL_GATE","server/routers/assetsRouter.ts:49"
"trpc","assetsRouter","custodyReport","assets.asset.custody_report","query","assetRead","module-map","assets","READ","","none","LOW","قراءة","NO_BRANCH_SCOPE|LOCAL_GATE","server/routers/assetsRouter.ts:45"
"trpc","assetsRouter","dashboard","assets.asset.dashboard","query","assetRead","module-map","assets","READ","","none","LOW","قراءة","NO_BRANCH_SCOPE|LOCAL_GATE","server/routers/assetsRouter.ts:44"
"trpc","assetsRouter","deleteDocument","assets.asset.delete","mutation","assetWrite","module-map","assets","FULL","","none","HIGH","فعل حسّاس: delete","NO_BRANCH_SCOPE|LOCAL_GATE|SENSITIVE_ACTION","server/routers/assetsRouter.ts:227"
"trpc","assetsRouter","disposalLog","assets.asset.disposal_log","query","assetRead","module-map","assets","READ","","none","LOW","قراءة","NO_BRANCH_SCOPE|LOCAL_GATE","server/routers/assetsRouter.ts:46"
"trpc","assetsRouter","dispose","assets.asset.dispose","mutation","assetWrite","module-map","assets","FULL","","none","MEDIUM","كتابة","NO_BRANCH_SCOPE|LOCAL_GATE","server/routers/assetsRouter.ts:192"
"trpc","assetsRouter","formOptions","assets.asset.form_options","query","assetRead","module-map","assets","READ","","none","LOW","قراءة","NO_BRANCH_SCOPE|LOCAL_GATE","server/routers/assetsRouter.ts:47"
"trpc","assetsRouter","get","assets.asset.view","query","assetRead","module-map","assets","READ","","none","LOW","قراءة","NO_BRANCH_SCOPE|LOCAL_GATE","server/routers/assetsRouter.ts:42"
"trpc","assetsRouter","handover","assets.asset.handover","mutation","assetWrite","module-map","assets","FULL","","none","MEDIUM","كتابة","NO_BRANCH_SCOPE|LOCAL_GATE","server/routers/assetsRouter.ts:153"
"trpc","assetsRouter","list","assets.asset.list","query","assetRead","module-map","assets","READ","","none","LOW","قراءة","NO_BRANCH_SCOPE|LOCAL_GATE","server/routers/assetsRouter.ts:29"
"trpc","assetsRouter","postDepreciation","assets.asset.post_depreciation","mutation","assetWrite","module-map","assets","FULL","","none","MEDIUM","كتابة","NO_BRANCH_SCOPE|LOCAL_GATE","server/routers/assetsRouter.ts:98"
"trpc","assetsRouter","returnFromMaintenance","assets.asset.return_from_maintenance","mutation","assetWrite","module-map","assets","FULL","","none","MEDIUM","كتابة","NO_BRANCH_SCOPE|LOCAL_GATE","server/routers/assetsRouter.ts:184"
"trpc","assetsRouter","update","assets.asset.update","mutation","assetWrite","module-map","assets","FULL","","none","MEDIUM","كتابة","NO_BRANCH_SCOPE|LOCAL_GATE","server/routers/assetsRouter.ts:114"
"trpc","attendanceRouter","employeeStatement","hr.attendance.employee_statement","query","hrRead","module-map","hr","READ","","none","LOW","قراءة","NO_BRANCH_SCOPE|LOCAL_GATE","server/routers/attendanceRouter.ts:90"
"trpc","attendanceRouter","formOptions","hr.attendance.form_options","query","hrRead","module-map","hr","READ","","none","LOW","قراءة","NO_BRANCH_SCOPE|LOCAL_GATE","server/routers/attendanceRouter.ts:82"
"trpc","attendanceRouter","list","hr.attendance.list","query","hrRead","module-map","hr","READ","","none","LOW","قراءة","NO_BRANCH_SCOPE|LOCAL_GATE","server/routers/attendanceRouter.ts:22"
"trpc","attendanceRouter","monthlyReport","hr.attendance.monthly_report","query","hrRead","module-map","hr","READ","","none","LOW","قراءة","NO_BRANCH_SCOPE|LOCAL_GATE","server/routers/attendanceRouter.ts:98"
"trpc","attendanceRouter","monthSummary","hr.attendance.month_summary","query","hrRead","module-map","hr","READ","","none","LOW","قراءة","NO_BRANCH_SCOPE|LOCAL_GATE","server/routers/attendanceRouter.ts:84"
"trpc","attendanceRouter","recomputeRates","hr.attendance.recompute_rates","mutation","hrWrite","module-map","hr","FULL","","none","MEDIUM","كتابة","NO_BRANCH_SCOPE|LOCAL_GATE","server/routers/attendanceRouter.ts:153"
"trpc","attendanceRouter","record","hr.attendance.create","mutation","hrWrite","module-map","hr","FULL","","none","MEDIUM","كتابة","NO_BRANCH_SCOPE|LOCAL_GATE","server/routers/attendanceRouter.ts:107"
"trpc","attendanceRouter","report","hr.attendance.view","query","hrRead","module-map","hr","READ","","none","LOW","قراءة","NO_BRANCH_SCOPE|LOCAL_GATE","server/routers/attendanceRouter.ts:103"
"trpc","attendanceRouter","settings","hr.attendance.update","query","hrRead","module-map","hr","READ","","none","LOW","قراءة","NO_BRANCH_SCOPE|LOCAL_GATE","server/routers/attendanceRouter.ts:45"
"trpc","attendanceRouter","summary","hr.attendance.view","query","hrRead","module-map","hr","READ","","none","LOW","قراءة","NO_BRANCH_SCOPE|LOCAL_GATE","server/routers/attendanceRouter.ts:68"
"trpc","attendanceRouter","updateSettings","hr.attendance.update","mutation","hrWrite","module-map","hr","FULL","","none","MEDIUM","كتابة","NO_BRANCH_SCOPE|LOCAL_GATE","server/routers/attendanceRouter.ts:47"
"trpc","auditRouter","facets","audit.audit.list","query","auditReadProcedure","raw-role","","","admin|auditor","none","LOW","قراءة","RAW_ROLE_GATE|LOCAL_GATE","server/routers/auditRouter.ts:118"
"trpc","auditRouter","list","audit.audit.list","query","auditReadProcedure","raw-role","","","admin|auditor","none","LOW","قراءة","RAW_ROLE_GATE|LOCAL_GATE","server/routers/auditRouter.ts:20"
"trpc","authRouter","changePassword","iam.auth.change_password","mutation","protectedProcedure","none","","","","none","MEDIUM","كتابة","WRITE_WITHOUT_MODULE_GATE","server/routers/authRouter.ts:566"
"trpc","authRouter","login","iam.auth.authenticate","mutation","publicProcedure","none","","","","none","MEDIUM","كتابة","WRITE_WITHOUT_MODULE_GATE|UNAUTHENTICATED","server/routers/authRouter.ts:139"
"trpc","authRouter","logout","iam.auth.logout","mutation","publicProcedure","none","","","","none","MEDIUM","كتابة","WRITE_WITHOUT_MODULE_GATE|UNAUTHENTICATED","server/routers/authRouter.ts:549"
"trpc","authRouter","me","iam.auth.me","query","publicProcedure","none","","","","none","LOW","قراءة","READ_WITHOUT_MODULE_GATE|UNAUTHENTICATED","server/routers/authRouter.ts:123"
"trpc","authRouter","mySessions","iam.auth.my_sessions","query","protectedProcedure","none","","","","none","LOW","قراءة","READ_WITHOUT_MODULE_GATE","server/routers/authRouter.ts:638"
"trpc","authRouter","register","iam.auth.create","mutation","adminProcedure","admin","","","admin","none","MEDIUM","كتابة","ADMIN_ONLY","server/routers/authRouter.ts:668"
"trpc","authRouter","revokeMySessions","iam.auth.revoke","mutation","protectedProcedure","none","","","","none","HIGH","فعل حسّاس: revoke","WRITE_WITHOUT_MODULE_GATE|SENSITIVE_ACTION","server/routers/authRouter.ts:623"
"trpc","authRouter","revokeSession","iam.auth.revoke","mutation","protectedProcedure","none","","","","none","HIGH","فعل حسّاس: revoke","WRITE_WITHOUT_MODULE_GATE|SENSITIVE_ACTION","server/routers/authRouter.ts:652"
"trpc","authRouter","tenancyMode","iam.auth.tenancy_mode","query","publicProcedure","none","","","","none","LOW","قراءة","READ_WITHOUT_MODULE_GATE|UNAUTHENTICATED","server/routers/authRouter.ts:137"
"trpc","authRouter","twoFactorDisable","iam.auth.two_factor_disable","mutation","protectedProcedure","none","","","","none","MEDIUM","كتابة","WRITE_WITHOUT_MODULE_GATE","server/routers/authRouter.ts:491"
"trpc","authRouter","twoFactorRegenerateCodes","iam.auth.two_factor_regenerate_codes","mutation","protectedProcedure","none","","","","none","MEDIUM","كتابة","WRITE_WITHOUT_MODULE_GATE","server/routers/authRouter.ts:532"
"trpc","authRouter","twoFactorSetupConfirm","iam.auth.two_factor_setup_confirm","mutation","protectedProcedure","none","","","","none","MEDIUM","كتابة","WRITE_WITHOUT_MODULE_GATE","server/routers/authRouter.ts:482"
"trpc","authRouter","twoFactorSetupStart","iam.auth.two_factor_setup_start","mutation","protectedProcedure","none","","","","none","MEDIUM","كتابة","WRITE_WITHOUT_MODULE_GATE","server/routers/authRouter.ts:470"
"trpc","authRouter","twoFactorStatus","iam.auth.two_factor_status","query","protectedProcedure","none","","","","none","LOW","قراءة","READ_WITHOUT_MODULE_GATE","server/routers/authRouter.ts:467"
"trpc","authRouter","twoFactorVerify","iam.auth.two_factor_verify","mutation","publicProcedure","none","","","","none","MEDIUM","كتابة","WRITE_WITHOUT_MODULE_GATE|UNAUTHENTICATED","server/routers/authRouter.ts:337"
"trpc","barcodeRouter","verify","catalog.barcode.verify","query","publicProcedure","none","","","","none","LOW","قراءة","READ_WITHOUT_MODULE_GATE|UNAUTHENTICATED","server/routers/barcodeRouter.ts:19"
"trpc","branchRouter","adminList","admin.branch.admin_list","query","adminProcedure","admin","","","admin","none","LOW","قراءة","ADMIN_ONLY","server/routers/branchRouter.ts:20"
"trpc","branchRouter","create","admin.branch.create","mutation","adminProcedure","admin","","","admin","none","MEDIUM","كتابة","ADMIN_ONLY","server/routers/branchRouter.ts:22"
"trpc","branchRouter","list","admin.branch.list","query","protectedProcedure","none","","","","none","LOW","قراءة","READ_WITHOUT_MODULE_GATE","server/routers/branchRouter.ts:13"
"trpc","branchRouter","setActive","admin.branch.update","mutation","adminProcedure","admin","","","admin","none","MEDIUM","كتابة","ADMIN_ONLY","server/routers/branchRouter.ts:55"
"trpc","branchRouter","update","admin.branch.update","mutation","adminProcedure","admin","","","admin","none","MEDIUM","كتابة","ADMIN_ONLY","server/routers/branchRouter.ts:38"
"trpc","broadcastsRouter","approve","marketing.broadcast.approve","mutation","campaignsManagerProcedure","module-gate","campaigns","FULL","manager","required","HIGH","فعل حسّاس: approve","SENSITIVE_ACTION","server/routers/broadcastsRouter.ts:166"
"trpc","broadcastsRouter","cancel","marketing.broadcast.void","mutation","campaignsManagerProcedure","module-gate","campaigns","FULL","manager","required","HIGH","فعل حسّاس: cancel","SENSITIVE_ACTION","server/routers/broadcastsRouter.ts:192"
"trpc","broadcastsRouter","create","marketing.broadcast.create","mutation","campaignsManagerProcedure","module-gate","campaigns","FULL","manager","required","MEDIUM","كتابة","","server/routers/broadcastsRouter.ts:112"
"trpc","broadcastsRouter","get","marketing.broadcast.view","query","campaignsReadProcedure","module-map","campaigns","READ","","scoped","LOW","قراءة","","server/routers/broadcastsRouter.ts:213"
"trpc","broadcastsRouter","launch","marketing.broadcast.launch","mutation","campaignsManagerProcedure","module-gate","campaigns","FULL","manager","required","MEDIUM","كتابة","","server/routers/broadcastsRouter.ts:153"
"trpc","broadcastsRouter","list","marketing.broadcast.list","query","campaignsReadProcedure","module-map","campaigns","READ","","scoped","LOW","قراءة","","server/routers/broadcastsRouter.ts:209"
"trpc","broadcastsRouter","pause","marketing.broadcast.pause","mutation","campaignsManagerProcedure","module-gate","campaigns","FULL","manager","required","MEDIUM","كتابة","","server/routers/broadcastsRouter.ts:179"
"trpc","broadcastsRouter","preview","marketing.broadcast.view","query","campaignsManagerProcedure","module-gate","campaigns","FULL","manager","required","LOW","قراءة","","server/routers/broadcastsRouter.ts:105"
"trpc","broadcastsRouter","results","marketing.broadcast.results","query","campaignsReadProcedure","module-map","campaigns","READ","","scoped","LOW","قراءة","","server/routers/broadcastsRouter.ts:223"
"trpc","broadcastsRouter","resume","marketing.broadcast.resume","mutation","campaignsManagerProcedure","module-gate","campaigns","FULL","manager","required","MEDIUM","كتابة","","server/routers/broadcastsRouter.ts:201"
"trpc","bundlesRouter","getComponents","catalog.bundle.view","query","productsReadProcedure","module-map","products","READ","","none","LOW","قراءة","NO_BRANCH_SCOPE","server/routers/bundlesRouter.ts:122"
"trpc","bundlesRouter","lookupComponentByBarcode","catalog.bundle.list","query","productsManagerProcedure","module-gate","products","FULL","manager","required","LOW","قراءة","","server/routers/bundlesRouter.ts:80"
"trpc","bundlesRouter","previewImpact","catalog.bundle.view","query","productsReadProcedure","module-map","products","READ","","none","LOW","قراءة","NO_BRANCH_SCOPE","server/routers/bundlesRouter.ts:202"
"trpc","bundlesRouter","searchComponents","catalog.bundle.list","query","productsManagerProcedure","module-gate","products","FULL","manager","required","LOW","قراءة","","server/routers/bundlesRouter.ts:31"
"trpc","bundlesRouter","setComponents","catalog.bundle.update","mutation","productsManagerProcedure","module-gate","products","FULL","manager","required","MEDIUM","كتابة","","server/routers/bundlesRouter.ts:177"
"trpc","cardAccountRouter","createReconciliation","reports.card_account.create","mutation","reportViewerProcedure","module-gate","reports","READ","manager|accountant|auditor|role-check","asserted","MEDIUM","كتابة","HANDLER_ROLE_CHECK|RAW_ROLE_GATE","server/routers/cardAccountRouter.ts:57"
"trpc","cardAccountRouter","movements","reports.card_account.update","query","reportViewerProcedure","module-gate","reports","READ","manager|accountant|auditor","asserted","LOW","قراءة","","server/routers/cardAccountRouter.ts:36"
"trpc","cardAccountRouter","reconciliations","reports.card_account.reconciliations","query","reportViewerProcedure","module-gate","reports","READ","manager|accountant|auditor","asserted","LOW","قراءة","","server/routers/cardAccountRouter.ts:52"
"trpc","cardAccountRouter","summary","reports.card_account.view","query","reportViewerProcedure","module-gate","reports","READ","manager|accountant|auditor","asserted","LOW","قراءة","","server/routers/cardAccountRouter.ts:31"
"trpc","cashTransfersRouter","cancel","treasury.cash_transfer.void","mutation","treasuryManagerProcedure","module-gate","treasury","FULL","manager|accountant","required","HIGH","فعل حسّاس: cancel","SENSITIVE_ACTION","server/routers/cashTransfersRouter.ts:79"
"trpc","cashTransfersRouter","list","treasury.cash_transfer.list","query","treasuryManagerReadProcedure","module-gate","treasury","READ","manager|accountant","required","LOW","قراءة","","server/routers/cashTransfersRouter.ts:101"
"trpc","cashTransfersRouter","receive","treasury.cash_transfer.receive","mutation","treasuryManagerProcedure","module-gate","treasury","FULL","manager|accountant","required","MEDIUM","كتابة","","server/routers/cashTransfersRouter.ts:63"
"trpc","cashTransfersRouter","send","treasury.cash_transfer.send","mutation","treasuryManagerProcedure","module-gate","treasury","FULL","manager|accountant","required","HIGH","فعل حسّاس: send","SENSITIVE_ACTION","server/routers/cashTransfersRouter.ts:20"
"trpc","catalogAnomaliesRouter","changeLog","catalog.catalog_anomalie.change_log","query","catalogAnomaliesReadProcedure","module-gate","catalogAnomalies","READ","manager|accountant|auditor","none","LOW","قراءة","","server/routers/catalogAnomaliesRouter.ts:180"
"trpc","catalogAnomaliesRouter","clearOverride","catalog.catalog_anomalie.clear_override","mutation","catalogAnomaliesManagerProcedure","module-gate","catalogAnomalies","FULL","manager","required","HIGH","فعل حسّاس: override","SENSITIVE_ACTION","server/routers/catalogAnomaliesRouter.ts:159"
"trpc","catalogAnomaliesRouter","list","catalog.catalog_anomalie.list","query","catalogAnomaliesReadProcedure","module-gate","catalogAnomalies","READ","manager|accountant|auditor","none","LOW","قراءة","","server/routers/catalogAnomaliesRouter.ts:28"
"trpc","catalogAnomaliesRouter","markIgnored","catalog.catalog_anomalie.mark_ignored","mutation","catalogAnomaliesManagerProcedure","module-gate","catalogAnomalies","FULL","manager","required","MEDIUM","كتابة","","server/routers/catalogAnomaliesRouter.ts:129"
"trpc","catalogAnomaliesRouter","markIntentional","catalog.catalog_anomalie.mark_intentional","mutation","catalogAnomaliesManagerProcedure","module-gate","catalogAnomalies","FULL","manager","required","MEDIUM","كتابة","","server/routers/catalogAnomaliesRouter.ts:96"
"trpc","catalogAnomaliesRouter","revertChange","catalog.catalog_anomalie.reverse","mutation","catalogAnomaliesManagerProcedure","module-gate","catalogAnomalies","FULL","manager","required","MEDIUM","كتابة","","server/routers/catalogAnomaliesRouter.ts:219"
"trpc","catalogRouter","addUnitBarcodeAlias","catalog.catalog.create","mutation","productsManagerProcedure","module-gate","products","FULL","manager","required","MEDIUM","كتابة","","server/routers/catalogRouter.ts:658"
"trpc","catalogRouter","adminList","catalog.catalog.admin_list","query","productsReadProcedure","module-map","products","READ","","none","LOW","قراءة","NO_BRANCH_SCOPE","server/routers/catalogRouter.ts:214"
"trpc","catalogRouter","assignBarcode","catalog.catalog.update","mutation","productsManagerProcedure","module-gate","products","FULL","manager","required","MEDIUM","كتابة","","server/routers/catalogRouter.ts:554"
"trpc","catalogRouter","byBarcode","catalog.catalog.by_barcode","query","productsReadProcedure","module-map","products","READ","","none","LOW","قراءة","NO_BRANCH_SCOPE","server/routers/catalogRouter.ts:262"
"trpc","catalogRouter","byProductIds","catalog.catalog.by_product_ids","query","productsReadProcedure","module-map","products","READ","","none","LOW","قراءة","NO_BRANCH_SCOPE","server/routers/catalogRouter.ts:199"
"trpc","catalogRouter","byUnitIds","catalog.catalog.by_unit_ids","query","productsReadProcedure","module-map","products","READ","","none","LOW","قراءة","NO_BRANCH_SCOPE","server/routers/catalogRouter.ts:185"
"trpc","catalogRouter","categories","catalog.catalog.categories","query","productsReadProcedure","module-map","products","READ","","none","LOW","قراءة","NO_BRANCH_SCOPE","server/routers/catalogRouter.ts:695"
"trpc","catalogRouter","categoriesAdmin","catalog.catalog.categories_admin","query","productsManagerProcedure","module-gate","products","FULL","manager","required","LOW","قراءة","","server/routers/catalogRouter.ts:707"
"trpc","catalogRouter","categoryStats","catalog.catalog.category_stats","query","productsManagerProcedure","module-gate","products","FULL","manager","required","LOW","قراءة","","server/routers/catalogRouter.ts:567"
"trpc","catalogRouter","checkBarcodes","catalog.catalog.check_barcodes","query","productsManagerProcedure","module-gate","products","FULL","manager","required","LOW","قراءة","","server/routers/catalogRouter.ts:272"
"trpc","catalogRouter","createCategory","catalog.catalog.create","mutation","productsManagerProcedure","module-gate","products","FULL","manager","required","MEDIUM","كتابة","","server/routers/catalogRouter.ts:709"
"trpc","catalogRouter","createProduct","catalog.catalog.create","mutation","productsManagerProcedure","module-gate","products","FULL","manager","required","MEDIUM","كتابة","","server/routers/catalogRouter.ts:295"
"trpc","catalogRouter","delete","catalog.catalog.delete","mutation","productsManagerProcedure","module-gate","products","FULL","manager","required","HIGH","فعل حسّاس: delete","SENSITIVE_ACTION","server/routers/catalogRouter.ts:254"
"trpc","catalogRouter","deleteCategory","catalog.catalog.delete","mutation","productsManagerProcedure","module-gate","products","FULL","manager","required","HIGH","فعل حسّاس: delete","SENSITIVE_ACTION","server/routers/catalogRouter.ts:746"
"trpc","catalogRouter","forPurchase","catalog.catalog.for_purchase","query","productsPurchaseProcedure","module-gate","products","READ","manager|warehouse|purchasing","required","LOW","قراءة","","server/routers/catalogRouter.ts:291"
"trpc","catalogRouter","getForEdit","catalog.catalog.view","query","productsManagerProcedure","module-gate","products","FULL","manager","required","LOW","قراءة","","server/routers/catalogRouter.ts:368"
"trpc","catalogRouter","getForVariantEdit","catalog.catalog.view","query","productsManagerProcedure","module-gate","products","FULL","manager","required","LOW","قراءة","","server/routers/catalogRouter.ts:482"
"trpc","catalogRouter","lastPurchaseCost","catalog.catalog.last_purchase_cost","query","productsManagerProcedure","module-gate","products","FULL","manager","required","LOW","قراءة","","server/routers/catalogRouter.ts:618"
"trpc","catalogRouter","listUnitBarcodes","catalog.catalog.list","query","productsReadProcedure","module-map","products","READ","","none","LOW","قراءة","NO_BRANCH_SCOPE","server/routers/catalogRouter.ts:644"
"trpc","catalogRouter","listUnitBarcodesMany","catalog.catalog.list","query","productsReadProcedure","module-map","products","READ","","none","LOW","قراءة","NO_BRANCH_SCOPE","server/routers/catalogRouter.ts:649"
"trpc","catalogRouter","materialsForRecipe","catalog.catalog.materials_for_recipe","query","productsManagerProcedure","module-gate","products","FULL","manager","required","LOW","قراءة","","server/routers/catalogRouter.ts:358"
"trpc","catalogRouter","mergeCategories","catalog.catalog.merge_categories","mutation","productsManagerProcedure","module-gate","products","FULL","manager","required","MEDIUM","كتابة","","server/routers/catalogRouter.ts:759"
"trpc","catalogRouter","posList","catalog.catalog.pos_list","query","productsReadProcedure","module-map","products","READ","","none","LOW","قراءة","NO_BRANCH_SCOPE","server/routers/catalogRouter.ts:175"
"trpc","catalogRouter","productImages","catalog.catalog.product_images","query","productsReadProcedure","module-map","products","READ","","none","LOW","قراءة","NO_BRANCH_SCOPE","server/routers/catalogRouter.ts:363"
"trpc","catalogRouter","reassignProducts","catalog.catalog.reassign_products","mutation","productsManagerProcedure","module-gate","products","FULL","manager","required","MEDIUM","كتابة","","server/routers/catalogRouter.ts:774"
"trpc","catalogRouter","removeUnitBarcodeAlias","catalog.catalog.delete","mutation","productsManagerProcedure","module-gate","products","FULL","manager","required","HIGH","فعل حسّاس: remove","SENSITIVE_ACTION","server/routers/catalogRouter.ts:682"
"trpc","catalogRouter","resolveProductUnitId","catalog.catalog.resolve_product_unit_id","query","productsReadProcedure","module-map","products","READ","","none","LOW","قراءة","NO_BRANCH_SCOPE","server/routers/catalogRouter.ts:654"
"trpc","catalogRouter","setProductActive","catalog.catalog.update","mutation","productsManagerProcedure","module-gate","products","FULL","manager","required","MEDIUM","كتابة","","server/routers/catalogRouter.ts:236"
"trpc","catalogRouter","similarNames","catalog.catalog.similar_names","query","productsManagerProcedure","module-gate","products","FULL","manager","required","LOW","قراءة","","server/routers/catalogRouter.ts:278"
"trpc","catalogRouter","updateCategory","catalog.catalog.update","mutation","productsManagerProcedure","module-gate","products","FULL","manager","required","MEDIUM","كتابة","","server/routers/catalogRouter.ts:724"
"trpc","catalogRouter","updateProduct","catalog.catalog.update","mutation","productsManagerProcedure","module-gate","products","FULL","manager","required","MEDIUM","كتابة","","server/routers/catalogRouter.ts:374"
"trpc","catalogRouter","updateProductVariants","catalog.catalog.update","mutation","productsManagerProcedure","module-gate","products","FULL","manager","required","MEDIUM","كتابة","","server/routers/catalogRouter.ts:487"
"trpc","catalogRouter","usage","catalog.catalog.usage","query","productsReadProcedure","module-map","products","READ","","none","LOW","قراءة","NO_BRANCH_SCOPE","server/routers/catalogRouter.ts:250"
"trpc","commissionsRouter","approve","commissions.commission.approve","mutation","commissionsManagerProcedure","module-gate","commissions","FULL","manager","required","HIGH","فعل حسّاس: approve","SENSITIVE_ACTION","server/routers/commissionsRouter.ts:189"
"trpc","commissionsRouter","assign","commissions.commission.update","mutation","commissionsManagerProcedure","module-gate","commissions","FULL","manager","required","MEDIUM","كتابة","","server/routers/commissionsRouter.ts:96"
"trpc","commissionsRouter","assignmentBoard","commissions.commission.update","query","commissionsReadProcedure","module-map","commissions","READ","","none","LOW","قراءة","NO_BRANCH_SCOPE","server/routers/commissionsRouter.ts:51"
"trpc","commissionsRouter","compute","commissions.commission.compute","mutation","commissionsManagerProcedure","module-gate","commissions","FULL","manager","required","MEDIUM","كتابة","","server/routers/commissionsRouter.ts:172"
"trpc","commissionsRouter","copyFromPrevious","commissions.commission.copy_from_previous","mutation","commissionsManagerProcedure","module-gate","commissions","FULL","manager","required","MEDIUM","كتابة","","server/routers/commissionsRouter.ts:150"
"trpc","commissionsRouter","create","commissions.commission.create","mutation","commissionsManagerProcedure","module-gate","commissions","FULL","manager","required","MEDIUM","كتابة","","server/routers/commissionsRouter.ts:53"
"trpc","commissionsRouter","endAssignment","commissions.commission.end_assignment","mutation","commissionsManagerProcedure","module-gate","commissions","FULL","manager","required","MEDIUM","كتابة","","server/routers/commissionsRouter.ts:109"
"trpc","commissionsRouter","get","commissions.commission.view","query","commissionsReadProcedure","module-map","commissions","READ","","none","LOW","قراءة","NO_BRANCH_SCOPE","server/routers/commissionsRouter.ts:167"
"trpc","commissionsRouter","grid","commissions.commission.grid","query","commissionsReadProcedure","module-map","commissions","READ","","none","LOW","قراءة","NO_BRANCH_SCOPE","server/routers/commissionsRouter.ts:125"
"trpc","commissionsRouter","leaderboard","reports.commission.leaderboard","query","reportViewerProcedure","module-gate","reports","READ","manager|accountant|auditor","asserted","LOW","قراءة","","server/routers/commissionsRouter.ts:224"
"trpc","commissionsRouter","list","commissions.commission.list","query","commissionsReadProcedure","module-map","commissions","READ","","none","LOW","قراءة","NO_BRANCH_SCOPE","server/routers/commissionsRouter.ts:48"
"trpc","commissionsRouter","list","commissions.commission.list","query","commissionsReadProcedure","module-map","commissions","READ","","none","LOW","قراءة","NO_BRANCH_SCOPE","server/routers/commissionsRouter.ts:165"
"trpc","commissionsRouter","myStatus","commissions.commission.my_status","query","protectedProcedure","none","","","","none","LOW","قراءة","READ_WITHOUT_MODULE_GATE","server/routers/commissionsRouter.ts:229"
"trpc","commissionsRouter","remove","commissions.commission.delete","mutation","commissionsManagerProcedure","module-gate","commissions","FULL","manager","required","HIGH","فعل حسّاس: remove","SENSITIVE_ACTION","server/routers/commissionsRouter.ts:210"
"trpc","commissionsRouter","saveAll","commissions.commission.update","mutation","commissionsManagerProcedure","module-gate","commissions","FULL","manager","required","MEDIUM","كتابة","","server/routers/commissionsRouter.ts:129"
"trpc","commissionsRouter","setActive","commissions.commission.update","mutation","commissionsManagerProcedure","module-gate","commissions","FULL","manager","required","MEDIUM","كتابة","","server/routers/commissionsRouter.ts:83"
"trpc","commissionsRouter","unapprove","commissions.commission.unapprove","mutation","commissionsManagerProcedure","module-gate","commissions","FULL","manager","required","HIGH","فعل حسّاس: approve","SENSITIVE_ACTION","server/routers/commissionsRouter.ts:202"
"trpc","commissionsRouter","update","commissions.commission.update","mutation","commissionsManagerProcedure","module-gate","commissions","FULL","manager","required","MEDIUM","كتابة","","server/routers/commissionsRouter.ts:67"
"trpc","consignmentRouter","balancesReport","reports.consignment.balances_report","query","reportViewerProcedure","module-gate","reports","READ","manager|accountant|auditor","asserted","LOW","قراءة","","server/routers/consignmentRouter.ts:69"
"trpc","consignmentRouter","consignorProducts","consignment.consignment.consignor_products","query","consignmentReadProcedure","module-map","consignments","READ","","scoped","LOW","قراءة","","server/routers/consignmentRouter.ts:64"
"trpc","consignmentRouter","create","consignment.consignment.create","mutation","consignmentWriteProcedure","module-gate","consignments","FULL","warehouse|manager|accountant","required","MEDIUM","كتابة","","server/routers/consignmentRouter.ts:115"
"trpc","consignmentRouter","createSettlement","treasury.consignment.create","mutation","treasuryManagerProcedure","module-gate","treasury","FULL","manager|accountant","required","HIGH","فعل حسّاس: settle","SENSITIVE_ACTION","server/routers/consignmentRouter.ts:94"
"trpc","consignmentRouter","get","consignment.consignment.view","query","consignmentReadProcedure","module-map","consignments","READ","","scoped","LOW","قراءة","","server/routers/consignmentRouter.ts:52"
"trpc","consignmentRouter","list","consignment.consignment.list","query","consignmentReadProcedure","module-map","consignments","READ","","scoped","LOW","قراءة","","server/routers/consignmentRouter.ts:31"
"trpc","consignmentRouter","marginsReport","reports.consignment.margins_report","query","reportViewerProcedure","module-gate","reports","READ","manager|accountant|auditor","asserted","LOW","قراءة","","server/routers/consignmentRouter.ts:74"
"trpc","consignmentRouter","settlementStatement","reports.consignment.update","query","reportViewerProcedure","module-gate","reports","READ","manager|accountant|auditor","asserted","LOW","قراءة","","server/routers/consignmentRouter.ts:83"
"trpc","contactsRouter","contact360","crm.contact.contact360","query","crmReadProcedure","module-map","crm","READ","","scoped","LOW","قراءة","","server/routers/contactsRouter.ts:167"
"trpc","contactsRouter","create","crm.contact.create","mutation","crmWriteProcedure","module-gate","crm","FULL","cashier|manager|sales_rep","required","MEDIUM","كتابة","","server/routers/contactsRouter.ts:73"
"trpc","contactsRouter","findDuplicates","crm.contact.list","query","crmReadProcedure","module-map","crm","READ","","scoped","LOW","قراءة","","server/routers/contactsRouter.ts:178"
"trpc","contactsRouter","list","crm.contact.list","query","crmReadProcedure","module-map","crm","READ","","scoped","LOW","قراءة","","server/routers/contactsRouter.ts:61"
"trpc","contactsRouter","search","crm.contact.list","query","crmReadProcedure","module-map","crm","READ","","scoped","LOW","قراءة","","server/routers/contactsRouter.ts:148"
"trpc","contactsRouter","set","crm.contact.update","mutation","crmWriteProcedure","module-gate","crm","FULL","cashier|manager|sales_rep","required","MEDIUM","كتابة","","server/routers/contactsRouter.ts:130"
"trpc","contactsRouter","setInactive","crm.contact.update","mutation","crmWriteProcedure","module-gate","crm","FULL","cashier|manager|sales_rep","required","MEDIUM","كتابة","","server/routers/contactsRouter.ts:118"
"trpc","contactsRouter","update","crm.contact.update","mutation","crmWriteProcedure","module-gate","crm","FULL","cashier|manager|sales_rep","required","MEDIUM","كتابة","","server/routers/contactsRouter.ts:97"
"trpc","conversationRouter","linkCustomer","channels.conversation.link_customer","mutation","channelsWrite","module-map","channels","FULL","cashier|manager","required","MEDIUM","كتابة","RAW_ROLE_GATE|LOCAL_GATE","server/routers/conversationRouter.ts:428"
"trpc","conversationRouter","linkWorkOrder","channels.conversation.link_work_order","mutation","channelsWrite","module-map","channels","FULL","cashier|manager","required","MEDIUM","كتابة","RAW_ROLE_GATE|LOCAL_GATE","server/routers/conversationRouter.ts:508"
"trpc","conversationRouter","list","channels.conversation.list","query","channelsRead","module-map","channels","READ","","scoped","LOW","قراءة","LOCAL_GATE","server/routers/conversationRouter.ts:81"
"trpc","conversationRouter","markRead","channels.conversation.mark_read","mutation","channelsWrite","module-map","channels","FULL","cashier|manager","required","MEDIUM","كتابة","RAW_ROLE_GATE|LOCAL_GATE","server/routers/conversationRouter.ts:499"
"trpc","conversationRouter","messages","channels.conversation.messages","query","channelsRead","module-map","channels","READ","","scoped","LOW","قراءة","LOCAL_GATE","server/routers/conversationRouter.ts:208"
"trpc","conversationRouter","retrySend","channels.conversation.retry_send","mutation","channelsWrite","module-map","channels","FULL","cashier|manager","required","HIGH","فعل حسّاس: send","RAW_ROLE_GATE|LOCAL_GATE|SENSITIVE_ACTION","server/routers/conversationRouter.ts:458"
"trpc","conversationRouter","sendMessage","channels.conversation.send","mutation","channelsWrite","module-map","channels","FULL","cashier|manager","required","HIGH","فعل حسّاس: send","RAW_ROLE_GATE|LOCAL_GATE|SENSITIVE_ACTION","server/routers/conversationRouter.ts:320"
"trpc","conversationRouter","sendTemplate","channels.conversation.send","mutation","channelsWrite","module-map","channels","FULL","cashier|manager","required","HIGH","فعل حسّاس: send","RAW_ROLE_GATE|LOCAL_GATE|SENSITIVE_ACTION","server/routers/conversationRouter.ts:377"
"trpc","conversationRouter","setStatus","channels.conversation.update","mutation","channelsWrite","module-map","channels","FULL","cashier|manager","required","MEDIUM","كتابة","RAW_ROLE_GATE|LOCAL_GATE","server/routers/conversationRouter.ts:519"
"trpc","conversationRouter","upsert","channels.conversation.upsert","mutation","channelsWrite","module-map","channels","FULL","cashier|manager","required","MEDIUM","كتابة","RAW_ROLE_GATE|LOCAL_GATE","server/routers/conversationRouter.ts:288"
"trpc","countPortalRouter","auth","inventory.count_portal.authenticate","mutation","publicProcedure","none","","","","none","MEDIUM","كتابة","WRITE_WITHOUT_MODULE_GATE|UNAUTHENTICATED","server/routers/countPortalRouter.ts:82"
"trpc","countPortalRouter","finish","inventory.count_portal.close","mutation","publicProcedure","none","","","","none","MEDIUM","كتابة","WRITE_WITHOUT_MODULE_GATE|UNAUTHENTICATED","server/routers/countPortalRouter.ts:187"
"trpc","countPortalRouter","logout","inventory.count_portal.logout","mutation","publicProcedure","none","","","","none","MEDIUM","كتابة","WRITE_WITHOUT_MODULE_GATE|UNAUTHENTICATED","server/routers/countPortalRouter.ts:208"
"trpc","countPortalRouter","mine","inventory.count_portal.mine","query","stocktakeAssignmentProcedure","self-assignment","inventory","ASSIGNED","assigned-user","self","LOW","قراءة","","server/routers/countPortalRouter.ts:42"
"trpc","countPortalRouter","state","inventory.count_portal.state","query","publicProcedure","none","","","","none","LOW","قراءة","READ_WITHOUT_MODULE_GATE|UNAUTHENTICATED","server/routers/countPortalRouter.ts:137"
"trpc","countPortalRouter","submit","inventory.count_portal.create","mutation","publicProcedure","none","","","","none","MEDIUM","كتابة","WRITE_WITHOUT_MODULE_GATE|UNAUTHENTICATED","server/routers/countPortalRouter.ts:143"
"trpc","courierRouter","confirmDelivery","delivery.courier.approve","mutation","courierProcedure","module-gate","courier","FULL","courier","none","MEDIUM","كتابة","","server/routers/courierRouter.ts:19"
"trpc","courierRouter","failDelivery","delivery.courier.fail_delivery","mutation","courierProcedure","module-gate","courier","FULL","courier","none","MEDIUM","كتابة","","server/routers/courierRouter.ts:41"
"trpc","courierRouter","myDeliveries","delivery.courier.my_deliveries","query","courierProcedure","module-gate","courier","FULL","courier","none","LOW","قراءة","","server/routers/courierRouter.ts:16"
"trpc","creditApprovalRouter","create","ar.credit_approval.create","mutation","managerProcedure","raw-role","","","manager","none","MEDIUM","كتابة","RAW_ROLE_GATE","server/routers/creditApprovalRouter.ts:16"
"trpc","creditApprovalRouter","listForCustomer","ar.credit_approval.list","query","managerProcedure","raw-role","","","manager","none","LOW","قراءة","RAW_ROLE_GATE","server/routers/creditApprovalRouter.ts:44"
"trpc","crmRouter","campaigns.create","marketing.campaigns.create","mutation","campaignsManagerProcedure","module-gate","campaigns","FULL","manager","required","MEDIUM","كتابة","","server/routers/crmRouter.ts:104"
"trpc","crmRouter","campaigns.list","marketing.campaigns.list","query","campaignsReadProcedure","module-map","campaigns","READ","","scoped","LOW","قراءة","","server/routers/crmRouter.ts:99"
"trpc","crmRouter","campaigns.transition","marketing.campaigns.transition","mutation","campaignsManagerProcedure","module-gate","campaigns","FULL","manager","required","MEDIUM","كتابة","","server/routers/crmRouter.ts:129"
"trpc","crmRouter","coupons.createProgram","marketing.coupons.create","mutation","campaignsManagerProcedure","module-gate","campaigns","FULL","manager","required","MEDIUM","كتابة","","server/routers/crmRouter.ts:221"
"trpc","crmRouter","coupons.issue","marketing.coupons.create","mutation","campaignsManagerProcedure","module-gate","campaigns","FULL","manager","required","MEDIUM","كتابة","","server/routers/crmRouter.ts:285"
"trpc","crmRouter","coupons.listIssued","marketing.coupons.list","query","campaignsReadProcedure","module-map","campaigns","READ","","scoped","LOW","قراءة","","server/routers/crmRouter.ts:312"
"trpc","crmRouter","coupons.preview","marketing.coupons.view","mutation","campaignsReadProcedure","module-map","campaigns","READ","","scoped","MEDIUM","كتابة","","server/routers/crmRouter.ts:150"
"trpc","crmRouter","coupons.programs","marketing.coupons.programs","query","campaignsReadProcedure","module-map","campaigns","READ","","scoped","LOW","قراءة","","server/routers/crmRouter.ts:197"
"trpc","crmRouter","coupons.setProgramStatus","marketing.coupons.update","mutation","campaignsManagerProcedure","module-gate","campaigns","FULL","manager","required","MEDIUM","كتابة","","server/routers/crmRouter.ts:259"
"trpc","crmRouter","coupons.void","marketing.coupons.void","mutation","campaignsManagerProcedure","module-gate","campaigns","FULL","manager","required","HIGH","فعل حسّاس: void","SENSITIVE_ACTION","server/routers/crmRouter.ts:343"
"trpc","crmRouter","dashboard","marketing.crm.dashboard","query","campaignsReadProcedure","module-map","campaigns","READ","","scoped","LOW","قراءة","","server/routers/crmRouter.ts:80"
"trpc","customerNoteRouter","create","crm.customer_note.create","mutation","customersCashierProcedure","module-gate","crm","FULL","cashier|manager|sales_rep","required","MEDIUM","كتابة","","server/routers/customerNoteRouter.ts:37"
"trpc","customerNoteRouter","delete","crm.customer_note.delete","mutation","customersManagerProcedure","module-gate","crm","FULL","manager","required","HIGH","فعل حسّاس: delete","SENSITIVE_ACTION","server/routers/customerNoteRouter.ts:76"
"trpc","customerNoteRouter","dueToday","crm.customer_note.due_today","query","customersManagerProcedure","module-gate","crm","FULL","manager","required","LOW","قراءة","","server/routers/customerNoteRouter.ts:35"
"trpc","customerNoteRouter","list","crm.customer_note.list","query","customersReadProcedure","module-map","crm","READ","","none","LOW","قراءة","NO_BRANCH_SCOPE","server/routers/customerNoteRouter.ts:24"
"trpc","customerNoteRouter","resolve","crm.customer_note.resolve","mutation","customersCashierProcedure","module-gate","crm","FULL","cashier|manager|sales_rep","required","MEDIUM","كتابة","","server/routers/customerNoteRouter.ts:68"
"trpc","customerNoteRouter","update","crm.customer_note.update","mutation","customersManagerProcedure","module-gate","crm","FULL","manager","required","MEDIUM","كتابة","","server/routers/customerNoteRouter.ts:54"
"trpc","customerRouter","activate","crm.customer.activate","mutation","customersManagerProcedure","module-gate","crm","FULL","manager","required","MEDIUM","كتابة","","server/routers/customerRouter.ts:220"
"trpc","customerRouter","contractPriceRemove","crm.customer.contract_price_remove","mutation","customersManagerProcedure","module-gate","crm","FULL","manager","required","HIGH","فعل حسّاس: remove","SENSITIVE_ACTION","server/routers/customerRouter.ts:287"
"trpc","customerRouter","contractPriceSetActive","crm.customer.contract_price_set_active","mutation","customersManagerProcedure","module-gate","crm","FULL","manager","required","MEDIUM","كتابة","","server/routers/customerRouter.ts:273"
"trpc","customerRouter","contractPricesList","crm.customer.contract_prices_list","query","customersManagerProcedure","module-gate","crm","FULL","manager","required","LOW","قراءة","","server/routers/customerRouter.ts:247"
"trpc","customerRouter","contractPriceUpsert","crm.customer.contract_price_upsert","mutation","customersManagerProcedure","module-gate","crm","FULL","manager","required","MEDIUM","كتابة","","server/routers/customerRouter.ts:252"
"trpc","customerRouter","create","crm.customer.create","mutation","customersCashierProcedure","module-gate","crm","FULL","cashier|manager|sales_rep","required","MEDIUM","كتابة","","server/routers/customerRouter.ts:124"
"trpc","customerRouter","deactivate","crm.customer.revoke","mutation","customersManagerProcedure","module-gate","crm","FULL","manager","required","MEDIUM","كتابة","","server/routers/customerRouter.ts:212"
"trpc","customerRouter","delete","crm.customer.delete","mutation","managerProcedure","raw-role","","","manager","none","HIGH","فعل حسّاس: delete","RAW_ROLE_GATE|SENSITIVE_ACTION","server/routers/customerRouter.ts:230"
"trpc","customerRouter","findSimilar","crm.customer.list","query","customersReadProcedure","module-map","crm","READ","","none","LOW","قراءة","NO_BRANCH_SCOPE","server/routers/customerRouter.ts:102"
"trpc","customerRouter","get","crm.customer.view","query","customersReadProcedure","module-map","crm","READ","","none","LOW","قراءة","NO_BRANCH_SCOPE","server/routers/customerRouter.ts:114"
"trpc","customerRouter","list","crm.customer.list","query","customersReadProcedure","module-map","crm","READ","","none","LOW","قراءة","NO_BRANCH_SCOPE","server/routers/customerRouter.ts:62"
"trpc","customerRouter","operations","crm.customer.operations","query","managerProcedure","raw-role","","","manager","none","LOW","قراءة","RAW_ROLE_GATE","server/routers/customerRouter.ts:57"
"trpc","customerRouter","search","crm.customer.list","query","customersReadProcedure","module-map","crm","READ","","none","LOW","قراءة","NO_BRANCH_SCOPE","server/routers/customerRouter.ts:68"
"trpc","customerRouter","smartSearch","crm.customer.smart_search","query","customersReadProcedure","module-map","crm","READ","","none","LOW","قراءة","NO_BRANCH_SCOPE","server/routers/customerRouter.ts:88"
"trpc","customerRouter","update","crm.customer.update","mutation","customersManagerProcedure","module-gate","crm","FULL","manager","required","MEDIUM","كتابة","","server/routers/customerRouter.ts:163"
"trpc","deliveryRouter","consignments","store.delivery.consignments","query","deliveryReadProcedure","module-map","store","READ","","scoped","LOW","قراءة","","server/routers/deliveryRouter.ts:137"
"trpc","deliveryRouter","courierAccounts","delivery.delivery.courier_accounts","query","managerProcedure","raw-role","","","manager","none","LOW","قراءة","RAW_ROLE_GATE","server/routers/deliveryRouter.ts:72"
"trpc","deliveryRouter","createParty","delivery.delivery.create","mutation","managerProcedure","raw-role","","","manager","none","MEDIUM","كتابة","RAW_ROLE_GATE","server/routers/deliveryRouter.ts:74"
"trpc","deliveryRouter","dispatch","delivery.delivery.dispatch","mutation","cashierProcedure","raw-role","","","cashier|manager","required","MEDIUM","كتابة","RAW_ROLE_GATE","server/routers/deliveryRouter.ts:153"
"trpc","deliveryRouter","getParty","store.delivery.view","query","deliveryReadProcedure","module-map","store","READ","","scoped","LOW","قراءة","","server/routers/deliveryRouter.ts:64"
"trpc","deliveryRouter","listParties","store.delivery.list","query","deliveryReadProcedure","module-map","store","READ","","scoped","LOW","قراءة","","server/routers/deliveryRouter.ts:58"
"trpc","deliveryRouter","openConsignments","store.delivery.create","query","deliveryReadProcedure","module-map","store","READ","","scoped","LOW","قراءة","","server/routers/deliveryRouter.ts:130"
"trpc","deliveryRouter","partyStatement","store.delivery.party_statement","query","deliveryReadProcedure","module-map","store","READ","","scoped","LOW","قراءة","","server/routers/deliveryRouter.ts:144"
"trpc","deliveryRouter","readyForDispatch","store.delivery.ready_for_dispatch","query","deliveryReadProcedure","module-map","store","READ","","scoped","LOW","قراءة","","server/routers/deliveryRouter.ts:128"
"trpc","deliveryRouter","recordRemittance","delivery.delivery.create","mutation","cashierProcedure","raw-role","","","cashier|manager","required","MEDIUM","كتابة","RAW_ROLE_GATE","server/routers/deliveryRouter.ts:175"
"trpc","deliveryRouter","returnConsignment","delivery.delivery.return_consignment","mutation","managerProcedure","raw-role","","","manager","none","MEDIUM","كتابة","RAW_ROLE_GATE","server/routers/deliveryRouter.ts:213"
"trpc","deliveryRouter","setPartyActive","delivery.delivery.update","mutation","managerProcedure","raw-role","","","manager","none","MEDIUM","كتابة","RAW_ROLE_GATE","server/routers/deliveryRouter.ts:119"
"trpc","deliveryRouter","settle","delivery.delivery.update","mutation","cashierProcedure","raw-role","","","cashier|manager","required","HIGH","فعل حسّاس: settle","RAW_ROLE_GATE|SENSITIVE_ACTION","server/routers/deliveryRouter.ts:232"
"trpc","deliveryRouter","updateParty","delivery.delivery.update","mutation","managerProcedure","raw-role","","","manager","none","MEDIUM","كتابة","RAW_ROLE_GATE","server/routers/deliveryRouter.ts:96"
"trpc","deliveryRouter","writeOff","delivery.delivery.write_off","mutation","managerProcedure","raw-role","","","manager","none","HIGH","فعل حسّاس: writeoff","RAW_ROLE_GATE|SENSITIVE_ACTION","server/routers/deliveryRouter.ts:253"
"trpc","digitalCardsRouter","approve","digitalcards.digital_card.approve","mutation","digitalCardsManagerProcedure","module-gate","digital_cards","FULL","manager","required","HIGH","فعل حسّاس: approve","SENSITIVE_ACTION","server/routers/digitalCardsRouter.ts:1017"
"trpc","digitalCardsRouter","approveAdjustment","digitalcards.digital_card.approve","mutation","digitalCardsManagerProcedure","module-gate","digital_cards","FULL","manager","required","HIGH","فعل حسّاس: approve","SENSITIVE_ACTION","server/routers/digitalCardsRouter.ts:279"
"trpc","digitalCardsRouter","approveBigChange","digitalcards.digital_card.approve","mutation","digitalCardsManagerProcedure","module-gate","digital_cards","FULL","manager","required","HIGH","فعل حسّاس: approve","SENSITIVE_ACTION","server/routers/digitalCardsRouter.ts:627"
"trpc","digitalCardsRouter","approveMismatch","digitalcards.digital_card.approve","mutation","digitalCardsManagerProcedure","module-gate","digital_cards","FULL","manager","required","HIGH","فعل حسّاس: approve","SENSITIVE_ACTION","server/routers/digitalCardsRouter.ts:669"
"trpc","digitalCardsRouter","approveWriteoff","digitalcards.digital_card.approve","mutation","digitalCardsManagerProcedure","module-gate","digital_cards","FULL","manager","required","HIGH","فعل حسّاس: approve","SENSITIVE_ACTION","server/routers/digitalCardsRouter.ts:892"
"trpc","digitalCardsRouter","cancelDraft","digitalcards.digital_card.void","mutation","digitalCardsManagerProcedure","module-gate","digital_cards","FULL","manager","required","HIGH","فعل حسّاس: cancel","SENSITIVE_ACTION","server/routers/digitalCardsRouter.ts:620"
"trpc","digitalCardsRouter","cancelIntent","digitalcards.digital_card.void","mutation","digitalCardsPosProcedure","module-map","digital_cards","READ","","scoped","HIGH","فعل حسّاس: cancel","SENSITIVE_ACTION","server/routers/digitalCardsRouter.ts:851"
"trpc","digitalCardsRouter","confirmCard","digitalcards.digital_card.approve","query","digitalCardsPosProcedure","module-map","digital_cards","READ","","scoped","LOW","قراءة","","server/routers/digitalCardsRouter.ts:719"
"trpc","digitalCardsRouter","copyPrevious","digitalcards.digital_card.copy_previous","mutation","digitalCardsManagerProcedure","module-gate","digital_cards","FULL","manager","required","MEDIUM","كتابة","","server/routers/digitalCardsRouter.ts:563"
"trpc","digitalCardsRouter","create","digitalcards.digital_card.create","mutation","digitalCardsManagerProcedure","module-gate","digital_cards","FULL","manager","required","MEDIUM","كتابة","","server/routers/digitalCardsRouter.ts:119"
"trpc","digitalCardsRouter","create","digitalcards.digital_card.create","mutation","digitalCardsManagerProcedure","module-gate","digital_cards","FULL","manager","required","MEDIUM","كتابة","","server/routers/digitalCardsRouter.ts:196"
"trpc","digitalCardsRouter","create","digitalcards.digital_card.create","mutation","digitalCardsManagerProcedure","module-gate","digital_cards","FULL","manager","required","MEDIUM","كتابة","","server/routers/digitalCardsRouter.ts:402"
"trpc","digitalCardsRouter","deposit","digitalcards.digital_card.deposit","mutation","digitalCardsManagerProcedure","module-gate","digital_cards","FULL","manager","required","MEDIUM","كتابة","","server/routers/digitalCardsRouter.ts:234"
"trpc","digitalCardsRouter","expireStale","digitalcards.digital_card.expire_stale","mutation","digitalCardsManagerProcedure","module-gate","digital_cards","FULL","manager","required","MEDIUM","كتابة","","server/routers/digitalCardsRouter.ts:875"
"trpc","digitalCardsRouter","finalize","digitalcards.digital_card.close","mutation","digitalCardsPosProcedure","module-map","digital_cards","READ","","scoped","MEDIUM","كتابة","","server/routers/digitalCardsRouter.ts:910"
"trpc","digitalCardsRouter","get","digitalcards.digital_card.view","query","digitalCardsAdminReadProcedure","module-gate","digital_cards","READ","manager|accountant|auditor","scoped","LOW","قراءة","","server/routers/digitalCardsRouter.ts:113"
"trpc","digitalCardsRouter","get","digitalcards.digital_card.view","query","digitalCardsAdminReadProcedure","module-gate","digital_cards","READ","manager|accountant|auditor","scoped","LOW","قراءة","","server/routers/digitalCardsRouter.ts:182"
"trpc","digitalCardsRouter","get","digitalcards.digital_card.view","query","digitalCardsAdminReadProcedure","module-gate","digital_cards","READ","manager|accountant|auditor","scoped","LOW","قراءة","","server/routers/digitalCardsRouter.ts:396"
"trpc","digitalCardsRouter","get","digitalcards.digital_card.view","query","digitalCardsPosProcedure","module-map","digital_cards","READ","","scoped","LOW","قراءة","","server/routers/digitalCardsRouter.ts:754"
"trpc","digitalCardsRouter","getIntent","digitalcards.digital_card.view","query","digitalCardsPosProcedure","module-map","digital_cards","READ","","scoped","LOW","قراءة","","server/routers/digitalCardsRouter.ts:832"
"trpc","digitalCardsRouter","getMorningSheet","digitalcards.digital_card.view","query","digitalCardsAdminReadProcedure","module-gate","digital_cards","READ","manager|accountant|auditor","scoped","LOW","قراءة","","server/routers/digitalCardsRouter.ts:542"
"trpc","digitalCardsRouter","list","digitalcards.digital_card.list","query","digitalCardsAdminReadProcedure","module-gate","digital_cards","READ","manager|accountant|auditor","scoped","LOW","قراءة","","server/routers/digitalCardsRouter.ts:109"
"trpc","digitalCardsRouter","list","digitalcards.digital_card.list","query","digitalCardsAdminReadProcedure","module-gate","digital_cards","READ","manager|accountant|auditor","scoped","LOW","قراءة","","server/routers/digitalCardsRouter.ts:163"
"trpc","digitalCardsRouter","list","digitalcards.digital_card.list","query","digitalCardsAdminReadProcedure","module-gate","digital_cards","READ","manager|accountant|auditor","scoped","LOW","قراءة","","server/routers/digitalCardsRouter.ts:377"
"trpc","digitalCardsRouter","list","digitalcards.digital_card.list","query","digitalCardsAdminReadProcedure","module-gate","digital_cards","READ","manager|accountant|auditor","scoped","LOW","قراءة","","server/routers/digitalCardsRouter.ts:490"
"trpc","digitalCardsRouter","listCards","digitalcards.digital_card.list","query","digitalCardsPosProcedure","module-map","digital_cards","READ","","scoped","LOW","قراءة","","server/routers/digitalCardsRouter.ts:698"
"trpc","digitalCardsRouter","lossRefund","digitalcards.digital_card.loss_refund","mutation","digitalCardsManagerProcedure","module-gate","digital_cards","FULL","manager","required","HIGH","فعل حسّاس: refund","SENSITIVE_ACTION","server/routers/digitalCardsRouter.ts:1045"
"trpc","digitalCardsRouter","lowBalance","digitalcards.digital_card.low_balance","query","digitalCardsAdminReadProcedure","module-gate","digital_cards","READ","manager|accountant|auditor","scoped","LOW","قراءة","","server/routers/digitalCardsRouter.ts:369"
"trpc","digitalCardsRouter","markExecution","digitalcards.digital_card.mark_execution","mutation","digitalCardsPosProcedure","module-map","digital_cards","READ","","scoped","MEDIUM","كتابة","","server/routers/digitalCardsRouter.ts:819"
"trpc","digitalCardsRouter","mismatchReports","digitalcards.digital_card.mismatch_reports","query","digitalCardsAdminReadProcedure","module-gate","digital_cards","READ","manager|accountant|auditor","scoped","LOW","قراءة","","server/routers/digitalCardsRouter.ts:650"
"trpc","digitalCardsRouter","needsReview","digitalcards.digital_card.needs_review","query","digitalCardsAdminReadProcedure","module-gate","digital_cards","READ","manager|accountant|auditor","scoped","LOW","قراءة","","server/routers/digitalCardsRouter.ts:863"
"trpc","digitalCardsRouter","pendingExecutions","digitalcards.digital_card.pending_executions","query","digitalCardsAdminReadProcedure","module-gate","digital_cards","READ","manager|accountant|auditor","scoped","LOW","قراءة","","server/routers/digitalCardsRouter.ts:981"
"trpc","digitalCardsRouter","postpaidDues","digitalcards.digital_card.postpaid_dues","query","digitalCardsAdminReadProcedure","module-gate","digital_cards","READ","manager|accountant|auditor","scoped","LOW","قراءة","","server/routers/digitalCardsRouter.ts:973"
"trpc","digitalCardsRouter","prepare","digitalcards.digital_card.prepare","mutation","digitalCardsPosProcedure","module-map","digital_cards","READ","","scoped","MEDIUM","كتابة","","server/routers/digitalCardsRouter.ts:792"
"trpc","digitalCardsRouter","preview","digitalcards.digital_card.view","query","digitalCardsAdminReadProcedure","module-gate","digital_cards","READ","manager|accountant|auditor","scoped","LOW","قراءة","","server/routers/digitalCardsRouter.ts:550"
"trpc","digitalCardsRouter","priceHealth","digitalcards.digital_card.price_health","query","digitalCardsAdminReadProcedure","module-gate","digital_cards","READ","manager|accountant|auditor","scoped","LOW","قراءة","","server/routers/digitalCardsRouter.ts:977"
"trpc","digitalCardsRouter","printDetails","digitalcards.digital_card.print","query","digitalCardsPosProcedure","module-map","digital_cards","READ","","scoped","HIGH","أثر خارجي: print","SENSITIVE_ACTION","server/routers/digitalCardsRouter.ts:931"
"trpc","digitalCardsRouter","providerBalances","digitalcards.digital_card.provider_balances","query","digitalCardsAdminReadProcedure","module-gate","digital_cards","READ","manager|accountant|auditor","scoped","LOW","قراءة","","server/routers/digitalCardsRouter.ts:969"
"trpc","digitalCardsRouter","publish","digitalcards.digital_card.publish","mutation","digitalCardsManagerProcedure","module-gate","digital_cards","FULL","manager","required","MEDIUM","كتابة","","server/routers/digitalCardsRouter.ts:596"
"trpc","digitalCardsRouter","reconcile","digitalcards.digital_card.reconcile","mutation","digitalCardsManagerProcedure","module-gate","digital_cards","FULL","manager","required","MEDIUM","كتابة","","server/routers/digitalCardsRouter.ts:328"
"trpc","digitalCardsRouter","reconciliations","digitalcards.digital_card.reconciliations","query","digitalCardsAdminReadProcedure","module-gate","digital_cards","READ","manager|accountant|auditor","scoped","LOW","قراءة","","server/routers/digitalCardsRouter.ts:341"
"trpc","digitalCardsRouter","reconciliationStatus","digitalcards.digital_card.reconciliation_status","query","digitalCardsAdminReadProcedure","module-gate","digital_cards","READ","manager|accountant|auditor","scoped","LOW","قراءة","","server/routers/digitalCardsRouter.ts:999"
"trpc","digitalCardsRouter","rejectAdjustment","digitalcards.digital_card.reject","mutation","digitalCardsManagerProcedure","module-gate","digital_cards","FULL","manager","required","HIGH","فعل حسّاس: reject","SENSITIVE_ACTION","server/routers/digitalCardsRouter.ts:287"
"trpc","digitalCardsRouter","rejectLossRefund","digitalcards.digital_card.reject","mutation","digitalCardsManagerProcedure","module-gate","digital_cards","FULL","manager","required","HIGH","فعل حسّاس: refund","SENSITIVE_ACTION","server/routers/digitalCardsRouter.ts:1056"
"trpc","digitalCardsRouter","rejectMismatch","digitalcards.digital_card.reject","mutation","digitalCardsManagerProcedure","module-gate","digital_cards","FULL","manager","required","HIGH","فعل حسّاس: reject","SENSITIVE_ACTION","server/routers/digitalCardsRouter.ts:681"
"trpc","digitalCardsRouter","rejectWriteoff","digitalcards.digital_card.reject","mutation","digitalCardsManagerProcedure","module-gate","digital_cards","FULL","manager","required","HIGH","فعل حسّاس: reject","SENSITIVE_ACTION","server/routers/digitalCardsRouter.ts:898"
"trpc","digitalCardsRouter","reorder","digitalcards.digital_card.reorder","mutation","digitalCardsManagerProcedure","module-gate","digital_cards","FULL","manager","required","MEDIUM","كتابة","","server/routers/digitalCardsRouter.ts:458"
"trpc","digitalCardsRouter","reportMismatch","digitalcards.digital_card.view","mutation","digitalCardsPosProcedure","module-map","digital_cards","READ","","scoped","MEDIUM","كتابة","","server/routers/digitalCardsRouter.ts:634"
"trpc","digitalCardsRouter","requestAdjustment","digitalcards.digital_card.request_adjustment","mutation","digitalCardsManagerProcedure","module-gate","digital_cards","FULL","manager","required","HIGH","فعل حسّاس: adjust","SENSITIVE_ACTION","server/routers/digitalCardsRouter.ts:263"
"trpc","digitalCardsRouter","requestLossRefund","digitalcards.digital_card.request_loss_refund","mutation","digitalCardsManagerProcedure","module-gate","digital_cards","FULL","manager","required","HIGH","فعل حسّاس: refund","SENSITIVE_ACTION","server/routers/digitalCardsRouter.ts:1031"
"trpc","digitalCardsRouter","requestWriteoff","digitalcards.digital_card.request_writeoff","mutation","digitalCardsManagerProcedure","module-gate","digital_cards","FULL","manager","required","HIGH","فعل حسّاس: writeoff","SENSITIVE_ACTION","server/routers/digitalCardsRouter.ts:881"
"trpc","digitalCardsRouter","resolveByPhone","digitalcards.digital_card.resolve_by_phone","query","digitalCardsPosProcedure","module-map","digital_cards","READ","","scoped","LOW","قراءة","","server/routers/digitalCardsRouter.ts:771"
"trpc","digitalCardsRouter","resolveVariance","digitalcards.digital_card.resolve_variance","mutation","digitalCardsManagerProcedure","module-gate","digital_cards","FULL","manager","required","MEDIUM","كتابة","","server/routers/digitalCardsRouter.ts:358"
"trpc","digitalCardsRouter","reversible","digitalcards.digital_card.reversible","query","digitalCardsAdminReadProcedure","module-gate","digital_cards","READ","manager|accountant|auditor","scoped","LOW","قراءة","","server/routers/digitalCardsRouter.ts:1011"
"trpc","digitalCardsRouter","saleDetails","digitalcards.digital_card.sale_details","query","digitalCardsAdminReadProcedure","module-gate","digital_cards","READ","manager|accountant|auditor","scoped","LOW","قراءة","","server/routers/digitalCardsRouter.ts:924"
"trpc","digitalCardsRouter","saveDraft","digitalcards.digital_card.update","mutation","digitalCardsManagerProcedure","module-gate","digital_cards","FULL","manager","required","MEDIUM","كتابة","","server/routers/digitalCardsRouter.ts:572"
"trpc","digitalCardsRouter","search","digitalcards.digital_card.list","query","digitalCardsPosProcedure","module-map","digital_cards","READ","","scoped","LOW","قراءة","","server/routers/digitalCardsRouter.ts:741"
"trpc","digitalCardsRouter","siblingCount","digitalcards.digital_card.sibling_count","query","digitalCardsPosProcedure","module-map","digital_cards","READ","","scoped","LOW","قراءة","","server/routers/digitalCardsRouter.ts:761"
"trpc","digitalCardsRouter","statement","digitalcards.digital_card.statement","query","digitalCardsAdminReadProcedure","module-gate","digital_cards","READ","manager|accountant|auditor","scoped","LOW","قراءة","","server/routers/digitalCardsRouter.ts:300"
"trpc","digitalCardsRouter","summary","digitalcards.digital_card.view","query","digitalCardsAdminReadProcedure","module-gate","digital_cards","READ","manager|accountant|auditor","scoped","LOW","قراءة","","server/routers/digitalCardsRouter.ts:963"
"trpc","digitalCardsRouter","toggle","digitalcards.digital_card.update","mutation","digitalCardsManagerProcedure","module-gate","digital_cards","FULL","manager","required","MEDIUM","كتابة","","server/routers/digitalCardsRouter.ts:153"
"trpc","digitalCardsRouter","toggle","digitalcards.digital_card.update","mutation","digitalCardsManagerProcedure","module-gate","digital_cards","FULL","manager","required","MEDIUM","كتابة","","server/routers/digitalCardsRouter.ts:452"
"trpc","digitalCardsRouter","topOfferings","digitalcards.digital_card.top_offerings","query","digitalCardsAdminReadProcedure","module-gate","digital_cards","READ","manager|accountant|auditor","scoped","LOW","قراءة","","server/routers/digitalCardsRouter.ts:985"
"trpc","digitalCardsRouter","update","digitalcards.digital_card.update","mutation","digitalCardsManagerProcedure","module-gate","digital_cards","FULL","manager","required","MEDIUM","كتابة","","server/routers/digitalCardsRouter.ts:136"
"trpc","digitalCardsRouter","update","digitalcards.digital_card.update","mutation","digitalCardsManagerProcedure","module-gate","digital_cards","FULL","manager","required","MEDIUM","كتابة","","server/routers/digitalCardsRouter.ts:220"
"trpc","digitalCardsRouter","update","digitalcards.digital_card.update","mutation","digitalCardsManagerProcedure","module-gate","digital_cards","FULL","manager","required","MEDIUM","كتابة","","server/routers/digitalCardsRouter.ts:428"
"trpc","digitalCardsRouter","withdraw","digitalcards.digital_card.withdraw","mutation","digitalCardsManagerProcedure","module-gate","digital_cards","FULL","manager","required","MEDIUM","كتابة","","server/routers/digitalCardsRouter.ts:248"
"trpc","documentDeliveryRouter","downloadPdf","sales.document_delivery.download","mutation","salesReadProcedure","module-map","sales","READ","","scoped","MEDIUM","كتابة","","server/routers/documentDeliveryRouter.ts:35"
"trpc","documentDeliveryRouter","readiness","sales.document_delivery.readiness","query","salesReadProcedure","module-map","sales","READ","","scoped","LOW","قراءة","","server/routers/documentDeliveryRouter.ts:28"
"trpc","documentDeliveryRouter","sendStatus","sales.document_delivery.send","query","salesReadProcedure","module-map","sales","READ","","scoped","LOW","قراءة","","server/routers/documentDeliveryRouter.ts:71"
"trpc","documentDeliveryRouter","sendWhatsAppPdf","sales.document_delivery.send","mutation","salesReadProcedure","module-map","sales","READ","","scoped","HIGH","فعل حسّاس: send","SENSITIVE_ACTION","server/routers/documentDeliveryRouter.ts:42"
"trpc","employeeRouter","create","hr.employee.create","mutation","hrWrite","module-map","hr","FULL","","none","MEDIUM","كتابة","NO_BRANCH_SCOPE|LOCAL_GATE","server/routers/employeeRouter.ts:125"
"trpc","employeeRouter","createAccountFor","hr.employee.create","mutation","adminProcedure","admin","","","admin","none","MEDIUM","كتابة","ADMIN_ONLY","server/routers/employeeRouter.ts:196"
"trpc","employeeRouter","createWithAccount","hr.employee.create","mutation","hrWrite","module-map","hr","FULL","admin","none","MEDIUM","كتابة","NO_BRANCH_SCOPE|LOCAL_GATE|HANDLER_ROLE_CHECK|ADMIN_ONLY","server/routers/employeeRouter.ts:142"
"trpc","employeeRouter","delete","hr.employee.delete","mutation","hrWrite","module-map","hr","FULL","","none","HIGH","فعل حسّاس: delete","NO_BRANCH_SCOPE|LOCAL_GATE|SENSITIVE_ACTION","server/routers/employeeRouter.ts:273"
"trpc","employeeRouter","formOptions","hr.employee.form_options","query","hrRead","module-map","hr","READ","","none","LOW","قراءة","NO_BRANCH_SCOPE|LOCAL_GATE","server/routers/employeeRouter.ts:123"
"trpc","employeeRouter","get","hr.employee.view","query","hrRead","module-map","hr","READ","","none","LOW","قراءة","NO_BRANCH_SCOPE|LOCAL_GATE","server/routers/employeeRouter.ts:121"
"trpc","employeeRouter","linkableUsers","hr.employee.linkable_users","query","adminProcedure","admin","","","admin","none","LOW","قراءة","ADMIN_ONLY","server/routers/employeeRouter.ts:214"
"trpc","employeeRouter","linkAccount","hr.employee.link_account","mutation","adminProcedure","admin","","","admin","none","MEDIUM","كتابة","ADMIN_ONLY","server/routers/employeeRouter.ts:178"
"trpc","employeeRouter","list","hr.employee.list","query","hrRead","module-map","hr","READ","","none","LOW","قراءة","NO_BRANCH_SCOPE|LOCAL_GATE","server/routers/employeeRouter.ts:105"
"trpc","employeeRouter","setStatus","hr.employee.update","mutation","hrWrite","module-map","hr","FULL","","none","MEDIUM","كتابة","NO_BRANCH_SCOPE|LOCAL_GATE","server/routers/employeeRouter.ts:243"
"trpc","employeeRouter","unlinkAccount","hr.employee.unlink_account","mutation","adminProcedure","admin","","","admin","none","MEDIUM","كتابة","ADMIN_ONLY","server/routers/employeeRouter.ts:187"
"trpc","employeeRouter","update","hr.employee.update","mutation","hrWrite","module-map","hr","FULL","","none","MEDIUM","كتابة","NO_BRANCH_SCOPE|LOCAL_GATE","server/routers/employeeRouter.ts:218"
"trpc","employeeRouter","usage","hr.employee.usage","query","hrRead","module-map","hr","READ","","none","LOW","قراءة","NO_BRANCH_SCOPE|LOCAL_GATE","server/routers/employeeRouter.ts:270"
"trpc","exchangeRouter","approveDeposit","treasury.exchange.approve","mutation","treasuryManagerProcedure","module-gate","treasury","FULL","manager|accountant","required","HIGH","فعل حسّاس: approve","SENSITIVE_ACTION","server/routers/exchangeRouter.ts:263"
"trpc","exchangeRouter","buyUsd","treasury.exchange.buy_usd","mutation","treasuryManagerProcedure","module-gate","treasury","FULL","manager|accountant","required","MEDIUM","كتابة","","server/routers/exchangeRouter.ts:172"
"trpc","exchangeRouter","create","treasury.exchange.create","mutation","treasuryManagerProcedure","module-gate","treasury","FULL","manager|accountant","required","MEDIUM","كتابة","","server/routers/exchangeRouter.ts:60"
"trpc","exchangeRouter","deposit","treasury.exchange.deposit","mutation","treasuryManagerProcedure","module-gate","treasury","FULL","manager|accountant","required","MEDIUM","كتابة","","server/routers/exchangeRouter.ts:118"
"trpc","exchangeRouter","get","treasury.exchange.view","query","treasuryManagerReadProcedure","module-gate","treasury","READ","manager|accountant","required","LOW","قراءة","","server/routers/exchangeRouter.ts:56"
"trpc","exchangeRouter","list","treasury.exchange.list","query","treasuryManagerReadProcedure","module-gate","treasury","READ","manager|accountant","required","LOW","قراءة","","server/routers/exchangeRouter.ts:43"
"trpc","exchangeRouter","pendingDeposits","treasury.exchange.pending_deposits","query","treasuryManagerReadProcedure","module-gate","treasury","READ","manager|accountant","required","LOW","قراءة","","server/routers/exchangeRouter.ts:259"
"trpc","exchangeRouter","reconcile","treasury.exchange.reconcile","query","treasuryManagerReadProcedure","module-gate","treasury","READ","manager|accountant","required","LOW","قراءة","","server/routers/exchangeRouter.ts:281"
"trpc","exchangeRouter","reverse","treasury.exchange.reverse","mutation","treasuryManagerProcedure","module-gate","treasury","FULL","manager|accountant","required","HIGH","فعل حسّاس: reverse","SENSITIVE_ACTION","server/routers/exchangeRouter.ts:244"
"trpc","exchangeRouter","setActive","treasury.exchange.update","mutation","treasuryManagerProcedure","module-gate","treasury","FULL","manager|accountant","required","MEDIUM","كتابة","","server/routers/exchangeRouter.ts:110"
"trpc","exchangeRouter","settle","treasury.exchange.update","mutation","treasuryManagerProcedure","module-gate","treasury","FULL","manager|accountant","required","HIGH","فعل حسّاس: settle","SENSITIVE_ACTION","server/routers/exchangeRouter.ts:199"
"trpc","exchangeRouter","statement","treasury.exchange.statement","query","treasuryManagerReadProcedure","module-gate","treasury","READ","manager|accountant","required","LOW","قراءة","","server/routers/exchangeRouter.ts:277"
"trpc","exchangeRouter","update","treasury.exchange.update","mutation","treasuryManagerProcedure","module-gate","treasury","FULL","manager|accountant","required","MEDIUM","كتابة","","server/routers/exchangeRouter.ts:80"
"trpc","exchangeRouter","withdraw","treasury.exchange.withdraw","mutation","treasuryManagerProcedure","module-gate","treasury","FULL","manager|accountant","required","MEDIUM","كتابة","","server/routers/exchangeRouter.ts:145"
"trpc","expenseRouter","cancel","treasury.expense.void","mutation","expensesManagerProcedure","module-gate","expenses","FULL","manager","required","HIGH","فعل حسّاس: cancel","SENSITIVE_ACTION","server/routers/expenseRouter.ts:121"
"trpc","expenseRouter","create","treasury.expense.create","mutation","expensesManagerProcedure","module-gate","expenses","FULL","manager","required","MEDIUM","كتابة","","server/routers/expenseRouter.ts:57"
"trpc","expenseRouter","list","treasury.expense.list","query","expensesReadProcedure","module-map","expenses","READ","","scoped","LOW","قراءة","","server/routers/expenseRouter.ts:28"
"trpc","giftsRouter","approveGift","gifts.gift.approve","mutation","giftsWrite","module-map","gifts","FULL","","scoped","HIGH","فعل حسّاس: approve","LOCAL_GATE|SENSITIVE_ACTION","server/routers/giftsRouter.ts:136"
"trpc","giftsRouter","campaignClose","gifts.gift.campaign_close","mutation","giftsWrite","module-map","gifts","FULL","","scoped","HIGH","فعل حسّاس: close","LOCAL_GATE|SENSITIVE_ACTION","server/routers/giftsRouter.ts:185"
"trpc","giftsRouter","campaignCreate","gifts.gift.campaign_create","mutation","giftsWrite","module-map","gifts","FULL","","scoped","MEDIUM","كتابة","LOCAL_GATE","server/routers/giftsRouter.ts:164"
"trpc","giftsRouter","campaignList","gifts.gift.campaign_list","query","giftsRead","module-map","gifts","READ","","scoped","LOW","قراءة","LOCAL_GATE","server/routers/giftsRouter.ts:176"
"trpc","giftsRouter","createOutbound","gifts.gift.create","mutation","giftsWrite","module-map","gifts","FULL","","scoped","MEDIUM","كتابة","LOCAL_GATE","server/routers/giftsRouter.ts:105"
"trpc","giftsRouter","get","gifts.gift.view","query","giftsRead","module-map","gifts","READ","","scoped","LOW","قراءة","LOCAL_GATE","server/routers/giftsRouter.ts:54"
"trpc","giftsRouter","list","gifts.gift.list","query","giftsRead","module-map","gifts","READ","","scoped","LOW","قراءة","LOCAL_GATE","server/routers/giftsRouter.ts:30"
"trpc","giftsRouter","receiveInbound","gifts.gift.receive_inbound","mutation","giftsWrite","module-map","gifts","FULL","","scoped","MEDIUM","كتابة","LOCAL_GATE","server/routers/giftsRouter.ts:73"
"trpc","giftsRouter","receivePurchaseBonus","gifts.gift.receive_purchase_bonus","mutation","giftsWrite","module-map","gifts","FULL","","scoped","MEDIUM","كتابة","LOCAL_GATE","server/routers/giftsRouter.ts:144"
"trpc","giftsRouter","report","reports.gift.view","query","reportViewerProcedure","module-gate","reports","READ","manager|accountant|auditor","asserted","LOW","قراءة","","server/routers/giftsRouter.ts:65"
"trpc","globalSearchRouter","search","search.global_search.list","query","protectedProcedure","none","","","","none","LOW","قراءة","READ_WITHOUT_MODULE_GATE","server/routers/globalSearchRouter.ts:27"
"trpc","hrDeviceRouter","approveDevice","hr.hr_device.approve","mutation","hrWrite","module-map","hr","FULL","","none","HIGH","فعل حسّاس: approve","NO_BRANCH_SCOPE|LOCAL_GATE|SENSITIVE_ACTION","server/routers/hrDeviceRouter.ts:187"
"trpc","hrDeviceRouter","bridgeStatus","hr.hr_device.bridge_status","query","hrRead","module-map","hr","READ","","none","LOW","قراءة","NO_BRANCH_SCOPE|LOCAL_GATE","server/routers/hrDeviceRouter.ts:92"
"trpc","hrDeviceRouter","commandsList","hr.hr_device.commands_list","query","hrRead","module-map","hr","READ","","none","LOW","قراءة","NO_BRANCH_SCOPE|LOCAL_GATE","server/routers/hrDeviceRouter.ts:182"
"trpc","hrDeviceRouter","create","hr.hr_device.create","mutation","hrWrite","module-map","hr","FULL","","none","MEDIUM","كتابة","NO_BRANCH_SCOPE|LOCAL_GATE","server/routers/hrDeviceRouter.ts:69"
"trpc","hrDeviceRouter","deleteDevice","hr.hr_device.delete","mutation","hrWrite","module-map","hr","FULL","","none","HIGH","فعل حسّاس: delete","NO_BRANCH_SCOPE|LOCAL_GATE|SENSITIVE_ACTION","server/routers/hrDeviceRouter.ts:207"
"trpc","hrDeviceRouter","deviceUsers","hr.hr_device.device_users","query","hrRead","module-map","hr","READ","","none","LOW","قراءة","NO_BRANCH_SCOPE|LOCAL_GATE","server/routers/hrDeviceRouter.ts:105"
"trpc","hrDeviceRouter","employeeLinks","hr.hr_device.employee_links","query","hrRead","module-map","hr","READ","","none","LOW","قراءة","NO_BRANCH_SCOPE|LOCAL_GATE","server/routers/hrDeviceRouter.ts:144"
"trpc","hrDeviceRouter","enqueueCommand","hr.hr_device.enqueue_command","mutation","hrWrite","module-map","hr","FULL","","none","MEDIUM","كتابة","NO_BRANCH_SCOPE|LOCAL_GATE","server/routers/hrDeviceRouter.ts:154"
"trpc","hrDeviceRouter","get","hr.hr_device.view","query","hrRead","module-map","hr","READ","","none","LOW","قراءة","NO_BRANCH_SCOPE|LOCAL_GATE","server/routers/hrDeviceRouter.ts:65"
"trpc","hrDeviceRouter","list","hr.hr_device.list","query","hrRead","module-map","hr","READ","","none","LOW","قراءة","NO_BRANCH_SCOPE|LOCAL_GATE","server/routers/hrDeviceRouter.ts:63"
"trpc","hrDeviceRouter","mapUser","hr.hr_device.map_user","mutation","hrWrite","module-map","hr","FULL","","none","MEDIUM","كتابة","NO_BRANCH_SCOPE|LOCAL_GATE","server/routers/hrDeviceRouter.ts:115"
"trpc","hrDeviceRouter","migrate","hr.hr_device.migrate","mutation","hrWrite","module-map","hr","FULL","","none","MEDIUM","كتابة","NO_BRANCH_SCOPE|LOCAL_GATE","server/routers/hrDeviceRouter.ts:84"
"trpc","hrDeviceRouter","migrationStatus","hr.hr_device.migration_status","query","hrRead","module-map","hr","READ","","none","LOW","قراءة","NO_BRANCH_SCOPE|LOCAL_GATE","server/routers/hrDeviceRouter.ts:67"
"trpc","hrDeviceRouter","processFolds","hr.hr_device.process_folds","mutation","hrWrite","module-map","hr","FULL","","none","MEDIUM","كتابة","NO_BRANCH_SCOPE|LOCAL_GATE","server/routers/hrDeviceRouter.ts:221"
"trpc","hrDeviceRouter","punchesList","hr.hr_device.punches_list","query","hrRead","module-map","hr","READ","","none","LOW","قراءة","NO_BRANCH_SCOPE|LOCAL_GATE","server/routers/hrDeviceRouter.ts:94"
"trpc","hrDeviceRouter","unlinkedDeviceUsers","hr.hr_device.unlinked_device_users","query","hrRead","module-map","hr","READ","","none","LOW","قراءة","NO_BRANCH_SCOPE|LOCAL_GATE","server/routers/hrDeviceRouter.ts:149"
"trpc","hrDeviceRouter","update","hr.hr_device.update","mutation","hrWrite","module-map","hr","FULL","","none","MEDIUM","كتابة","NO_BRANCH_SCOPE|LOCAL_GATE","server/routers/hrDeviceRouter.ts:75"
"trpc","imageStudioRouter","aiConfig","catalog.image_studio.ai_config","query","protectedProcedure","none","","","","none","LOW","قراءة","READ_WITHOUT_MODULE_GATE","server/routers/imageStudioRouter.ts:153"
"trpc","imageStudioRouter","aiSettings","catalog.image_studio.ai_settings","query","adminProcedure","admin","","","admin","none","LOW","قراءة","ADMIN_ONLY","server/routers/imageStudioRouter.ts:109"
"trpc","imageStudioRouter","aiStudioTransform","catalog.image_studio.ai_studio_transform","mutation","productsManagerProcedure","module-gate","products","FULL","manager","required","MEDIUM","كتابة","","server/routers/imageStudioRouter.ts:155"
"trpc","imageStudioRouter","proConfig","catalog.image_studio.pro_config","query","protectedProcedure","none","","","","none","LOW","قراءة","READ_WITHOUT_MODULE_GATE","server/routers/imageStudioRouter.ts:65"
"trpc","imageStudioRouter","proCutout","catalog.image_studio.pro_cutout","mutation","productsManagerProcedure","module-gate","products","FULL","manager","required","MEDIUM","كتابة","","server/routers/imageStudioRouter.ts:67"
"trpc","imageStudioRouter","settings","catalog.image_studio.update","query","adminProcedure","admin","","","admin","none","LOW","قراءة","ADMIN_ONLY","server/routers/imageStudioRouter.ts:32"
"trpc","imageStudioRouter","updateAiSettings","catalog.image_studio.update","mutation","adminProcedure","admin","","","admin","none","MEDIUM","كتابة","ADMIN_ONLY","server/routers/imageStudioRouter.ts:111"
"trpc","imageStudioRouter","updateSettings","catalog.image_studio.update","mutation","adminProcedure","admin","","","admin","none","MEDIUM","كتابة","ADMIN_ONLY","server/routers/imageStudioRouter.ts:34"
"trpc","imageStudioRouter","verifyAiConnection","catalog.image_studio.verify_ai_connection","mutation","adminProcedure","admin","","","admin","none","MEDIUM","كتابة","ADMIN_ONLY","server/routers/imageStudioRouter.ts:142"
"trpc","imageStudioRouter","verifyConnection","catalog.image_studio.verify_connection","mutation","adminProcedure","admin","","","admin","none","MEDIUM","كتابة","ADMIN_ONLY","server/routers/imageStudioRouter.ts:54"
"trpc","imports","customers","admin.import.customers","mutation","managerProcedure","raw-role","","","manager","none","MEDIUM","كتابة","RAW_ROLE_GATE","server/routers/imports.ts:51"
"trpc","imports","products","admin.import.products","mutation","managerProcedure","raw-role","","","manager","none","MEDIUM","كتابة","RAW_ROLE_GATE","server/routers/imports.ts:71"
"trpc","imports","suppliers","admin.import.suppliers","mutation","managerProcedure","raw-role","","","manager","none","MEDIUM","كتابة","RAW_ROLE_GATE","server/routers/imports.ts:61"
"trpc","installmentRouter","bounce","treasury.installment.bounce","mutation","treasuryManagerProcedure","module-gate","treasury","FULL","manager|accountant","required","MEDIUM","كتابة","","server/routers/installmentRouter.ts:127"
"trpc","installmentRouter","cancel","treasury.installment.void","mutation","treasuryManagerProcedure","module-gate","treasury","FULL","manager|accountant","required","HIGH","فعل حسّاس: cancel","SENSITIVE_ACTION","server/routers/installmentRouter.ts:145"
"trpc","installmentRouter","create","treasury.installment.create","mutation","treasuryManagerProcedure","module-gate","treasury","FULL","manager|accountant","required","MEDIUM","كتابة","","server/routers/installmentRouter.ts:39"
"trpc","installmentRouter","dueSoon","treasury.installment.due_soon","query","treasuryManagerReadProcedure","module-gate","treasury","READ","manager|accountant","required","LOW","قراءة","","server/routers/installmentRouter.ts:187"
"trpc","installmentRouter","get","treasury.installment.view","query","treasuryManagerReadProcedure","module-gate","treasury","READ","manager|accountant","required","LOW","قراءة","","server/routers/installmentRouter.ts:182"
"trpc","installmentRouter","list","treasury.installment.list","query","treasuryManagerReadProcedure","module-gate","treasury","READ","manager|accountant","required","LOW","قراءة","","server/routers/installmentRouter.ts:163"
"trpc","installmentRouter","pay","treasury.installment.pay","mutation","treasuryManagerProcedure","module-gate","treasury","FULL","manager|accountant","required","MEDIUM","كتابة","","server/routers/installmentRouter.ts:92"
"trpc","integrationRouter","cryptoReady","admin.integration.crypto_ready","query","adminProcedure","admin","","","admin","none","LOW","قراءة","ADMIN_ONLY","server/routers/integrationRouter.ts:88"
"trpc","integrationRouter","delete","admin.integration.delete","mutation","adminProcedure","admin","","","admin","none","HIGH","فعل حسّاس: delete","ADMIN_ONLY|SENSITIVE_ACTION","server/routers/integrationRouter.ts:175"
"trpc","integrationRouter","disable","admin.integration.revoke","mutation","adminProcedure","admin","","","admin","none","MEDIUM","كتابة","ADMIN_ONLY","server/routers/integrationRouter.ts:149"
"trpc","integrationRouter","enable","admin.integration.enable","mutation","adminProcedure","admin","","","admin","none","MEDIUM","كتابة","ADMIN_ONLY","server/routers/integrationRouter.ts:162"
"trpc","integrationRouter","list","admin.integration.list","query","adminProcedure","admin","","","admin","none","LOW","قراءة","ADMIN_ONLY","server/routers/integrationRouter.ts:93"
"trpc","integrationRouter","syncTemplates","admin.integration.sync_templates","mutation","adminProcedure","admin","","","admin","none","MEDIUM","كتابة","ADMIN_ONLY","server/routers/integrationRouter.ts:195"
"trpc","integrationRouter","templates.list","admin.templates.list","query","managerProcedure","raw-role","","","manager","none","LOW","قراءة","RAW_ROLE_GATE","server/routers/integrationRouter.ts:218"
"trpc","integrationRouter","upsert","admin.integration.upsert","mutation","adminProcedure","admin","","","admin","none","MEDIUM","كتابة","ADMIN_ONLY","server/routers/integrationRouter.ts:96"
"trpc","integrationRouter","verify","admin.integration.verify","mutation","adminProcedure","admin","","","admin","none","MEDIUM","كتابة","ADMIN_ONLY","server/routers/integrationRouter.ts:135"
"trpc","integrationRouter","waHubSettings.get","admin.wa_hub_settings.view","query","managerProcedure","raw-role","","","manager","none","LOW","قراءة","RAW_ROLE_GATE","server/routers/integrationRouter.ts:232"
"trpc","integrationRouter","waHubSettings.update","admin.wa_hub_settings.update","mutation","adminProcedure","admin","","","admin","none","MEDIUM","كتابة","ADMIN_ONLY","server/routers/integrationRouter.ts:240"
"trpc","inventoryRouter","adjust","inventory.inventory.adjust","mutation","inventoryWarehouseProcedure","module-gate","inventory","FULL","warehouse|manager","required","HIGH","فعل حسّاس: adjust","SENSITIVE_ACTION","server/routers/inventoryRouter.ts:297"
"trpc","inventoryRouter","approveAdjustment","inventory.inventory.approve","mutation","inventoryManagerProcedure","module-gate","inventory","FULL","manager","required","HIGH","فعل حسّاس: approve","SENSITIVE_ACTION","server/routers/inventoryRouter.ts:325"
"trpc","inventoryRouter","createManualMovement","inventory.inventory.create","mutation","inventoryWarehouseProcedure","module-gate","inventory","FULL","warehouse|manager","required","MEDIUM","كتابة","","server/routers/inventoryRouter.ts:755"
"trpc","inventoryRouter","createReorderDraft","inventory.inventory.create","mutation","inventoryWarehouseProcedure","module-gate","inventory","FULL","warehouse|manager","required","MEDIUM","كتابة","","server/routers/inventoryRouter.ts:660"
"trpc","inventoryRouter","movements","inventory.inventory.update","query","inventoryReadProcedure","module-map","inventory","READ","","scoped","LOW","قراءة","","server/routers/inventoryRouter.ts:457"
"trpc","inventoryRouter","movementsRich","inventory.inventory.update","query","inventoryReadProcedure","module-map","inventory","READ","","scoped","LOW","قراءة","","server/routers/inventoryRouter.ts:481"
"trpc","inventoryRouter","onHand","inventory.inventory.on_hand","query","inventoryReadProcedure","module-map","inventory","READ","","scoped","LOW","قراءة","","server/routers/inventoryRouter.ts:359"
"trpc","inventoryRouter","pendingAdjustments","inventory.inventory.pending_adjustments","query","inventoryReadProcedure","module-map","inventory","READ","","scoped","LOW","قراءة","","server/routers/inventoryRouter.ts:342"
"trpc","inventoryRouter","planningSummary","inventory.inventory.planning_summary","query","inventoryWarehouseProcedure","module-gate","inventory","FULL","warehouse|manager","required","LOW","قراءة","","server/routers/inventoryRouter.ts:740"
"trpc","inventoryRouter","rejectAdjustment","inventory.inventory.reject","mutation","inventoryManagerProcedure","module-gate","inventory","FULL","manager","required","HIGH","فعل حسّاس: reject","SENSITIVE_ACTION","server/routers/inventoryRouter.ts:333"
"trpc","inventoryRouter","reorderAlerts","inventory.inventory.reorder_alerts","query","inventoryReadProcedure","module-map","inventory","READ","","scoped","LOW","قراءة","","server/routers/inventoryRouter.ts:612"
"trpc","inventoryRouter","seasonPlan","inventory.inventory.season_plan","query","inventoryWarehouseProcedure","module-gate","inventory","FULL","warehouse|manager","required","LOW","قراءة","","server/routers/inventoryRouter.ts:703"
"trpc","inventoryRouter","seasonVariantSearch","inventory.inventory.season_variant_search","query","inventoryWarehouseProcedure","module-gate","inventory","FULL","warehouse|manager","required","LOW","قراءة","","server/routers/inventoryRouter.ts:718"
"trpc","inventoryRouter","setReorderThresholds","inventory.inventory.update","mutation","inventoryWarehouseProcedure","module-gate","inventory","FULL","warehouse|manager","required","MEDIUM","كتابة","","server/routers/inventoryRouter.ts:636"
"trpc","inventoryRouter","setSeasonTarget","inventory.inventory.update","mutation","inventoryWarehouseProcedure","module-gate","inventory","FULL","warehouse|manager","required","MEDIUM","كتابة","","server/routers/inventoryRouter.ts:723"
"trpc","inventoryRouter","stockByBranch","inventory.inventory.stock_by_branch","query","inventoryReadProcedure","module-map","inventory","READ","","scoped","LOW","قراءة","","server/routers/inventoryRouter.ts:433"
"trpc","inventoryRouter","transfer","inventory.inventory.transfer","mutation","inventoryWarehouseProcedure","module-gate","inventory","FULL","warehouse|manager","required","MEDIUM","كتابة","","server/routers/inventoryRouter.ts:60"
"trpc","inventoryRouter","transferBatch","inventory.inventory.transfer_batch","mutation","inventoryWarehouseProcedure","module-gate","inventory","FULL","warehouse|manager","required","MEDIUM","كتابة","","server/routers/inventoryRouter.ts:120"
"trpc","inventoryRouter","transferCancel","inventory.inventory.transfer_cancel","mutation","inventoryWarehouseProcedure","module-gate","inventory","FULL","warehouse|manager","required","HIGH","فعل حسّاس: cancel","SENSITIVE_ACTION","server/routers/inventoryRouter.ts:277"
"trpc","inventoryRouter","transferGet","inventory.inventory.transfer_get","query","inventoryReadProcedure","module-map","inventory","READ","","scoped","LOW","قراءة","","server/routers/inventoryRouter.ts:213"
"trpc","inventoryRouter","transferReceive","inventory.inventory.transfer_receive","mutation","inventoryWarehouseProcedure","module-gate","inventory","FULL","warehouse|manager","required","MEDIUM","كتابة","","server/routers/inventoryRouter.ts:238"
"trpc","inventoryRouter","transfersList","inventory.inventory.transfers_list","query","inventoryReadProcedure","module-map","inventory","READ","","scoped","LOW","قراءة","","server/routers/inventoryRouter.ts:190"
"trpc","inventoryRouter","transfersPendingIncoming","inventory.inventory.transfers_pending_incoming","query","inventoryReadProcedure","module-map","inventory","READ","","scoped","LOW","قراءة","","server/routers/inventoryRouter.ts:224"
"trpc","kioskRouter","banner","kiosk.kiosk.banner","query","kioskReadProcedure","none","","","","none","LOW","قراءة","READ_WITHOUT_MODULE_GATE|LOCAL_GATE","server/routers/kioskRouter.ts:75"
"trpc","kioskRouter","deviceLogin","kiosk.kiosk.device_login","mutation","publicProcedure","none","","","","none","MEDIUM","كتابة","WRITE_WITHOUT_MODULE_GATE|UNAUTHENTICATED","server/routers/kioskRouter.ts:87"
"trpc","kioskRouter","deviceLogout","kiosk.kiosk.device_logout","mutation","publicProcedure","none","","","","none","MEDIUM","كتابة","WRITE_WITHOUT_MODULE_GATE|UNAUTHENTICATED","server/routers/kioskRouter.ts:125"
"trpc","kioskRouter","deviceMe","kiosk.kiosk.device_me","query","publicProcedure","none","","","","none","LOW","قراءة","READ_WITHOUT_MODULE_GATE|UNAUTHENTICATED","server/routers/kioskRouter.ts:113"
"trpc","kioskRouter","devices.create","kiosk.devices.create","mutation","adminProcedure","admin","","","admin","none","MEDIUM","كتابة","ADMIN_ONLY","server/routers/kioskRouter.ts:137"
"trpc","kioskRouter","devices.list","kiosk.devices.list","query","adminProcedure","admin","","","admin","none","LOW","قراءة","ADMIN_ONLY","server/routers/kioskRouter.ts:134"
"trpc","kioskRouter","devices.remove","kiosk.devices.delete","mutation","adminProcedure","admin","","","admin","none","HIGH","فعل حسّاس: remove","ADMIN_ONLY|SENSITIVE_ACTION","server/routers/kioskRouter.ts:176"
"trpc","kioskRouter","devices.rotate","kiosk.devices.rotate","mutation","adminProcedure","admin","","","admin","none","MEDIUM","كتابة","ADMIN_ONLY","server/routers/kioskRouter.ts:151"
"trpc","kioskRouter","devices.setActive","kiosk.devices.update","mutation","adminProcedure","admin","","","admin","none","MEDIUM","كتابة","ADMIN_ONLY","server/routers/kioskRouter.ts:163"
"trpc","kioskRouter","lookup","kiosk.kiosk.list","query","kioskReadProcedure","none","","","","none","LOW","قراءة","READ_WITHOUT_MODULE_GATE|LOCAL_GATE","server/routers/kioskRouter.ts:80"
"trpc","kioskRouter","publicBranches","kiosk.kiosk.public_branches","query","publicProcedure","none","","","","none","LOW","قراءة","READ_WITHOUT_MODULE_GATE|UNAUTHENTICATED","server/routers/kioskRouter.ts:64"
"trpc","leaveRouter","balanceReport","hr.leave.balance_report","query","hrRead","module-map","hr","READ","","none","LOW","قراءة","NO_BRANCH_SCOPE|LOCAL_GATE","server/routers/leaveRouter.ts:34"
"trpc","leaveRouter","balances","hr.leave.balances","query","hrRead","module-map","hr","READ","","none","LOW","قراءة","NO_BRANCH_SCOPE|LOCAL_GATE","server/routers/leaveRouter.ts:31"
"trpc","leaveRouter","cancel","hr.leave.void","mutation","hrWrite","module-map","hr","FULL","","none","HIGH","فعل حسّاس: cancel","NO_BRANCH_SCOPE|LOCAL_GATE|SENSITIVE_ACTION","server/routers/leaveRouter.ts:76"
"trpc","leaveRouter","create","hr.leave.create","mutation","hrWrite","module-map","hr","FULL","","none","MEDIUM","كتابة","NO_BRANCH_SCOPE|LOCAL_GATE","server/routers/leaveRouter.ts:36"
"trpc","leaveRouter","decide","hr.leave.decide","mutation","hrWrite","module-map","hr","FULL","","none","MEDIUM","كتابة","NO_BRANCH_SCOPE|LOCAL_GATE","server/routers/leaveRouter.ts:58"
"trpc","leaveRouter","list","hr.leave.list","query","hrRead","module-map","hr","READ","","none","LOW","قراءة","NO_BRANCH_SCOPE|LOCAL_GATE","server/routers/leaveRouter.ts:19"
"trpc","offlineRouter","catalogSnapshot","catalog.offline.catalog_snapshot","query","productsReadProcedure","module-map","products","READ","","none","LOW","قراءة","NO_BRANCH_SCOPE","server/routers/offlineRouter.ts:37"
"trpc","offlineRouter","customersSnapshot","crm.offline.customers_snapshot","query","customersReadProcedure","module-map","crm","READ","","none","LOW","قراءة","NO_BRANCH_SCOPE","server/routers/offlineRouter.ts:43"
"trpc","offlineRouter","replaySale","sales.offline.replay_sale","mutation","salesCashierProcedure","module-gate","sales","FULL","cashier|manager","required","MEDIUM","كتابة","","server/routers/offlineRouter.ts:62"
"trpc","offlineRouter","salesReport","reports.offline.sales_report","query","reportViewerProcedure","module-gate","reports","READ","manager|accountant|auditor","asserted","LOW","قراءة","","server/routers/offlineRouter.ts:47"
"trpc","offlineRouter","stockSnapshot","catalog.offline.stock_snapshot","query","productsReadProcedure","module-map","products","READ","","none","LOW","قراءة","NO_BRANCH_SCOPE","server/routers/offlineRouter.ts:39"
"trpc","offlineRouter","versions","catalog.offline.versions","query","productsReadProcedure","module-map","products","READ","","none","LOW","قراءة","NO_BRANCH_SCOPE","server/routers/offlineRouter.ts:35"
"trpc","payrollRouter","advanceBalance","hr.payroll.advance_balance","query","hrRead","module-map","hr","READ","","none","LOW","قراءة","NO_BRANCH_SCOPE|LOCAL_GATE","server/routers/payrollRouter.ts:173"
"trpc","payrollRouter","advanceCancel","hr.payroll.advance_cancel","mutation","hrWrite","module-map","hr","FULL","","none","HIGH","فعل حسّاس: cancel","NO_BRANCH_SCOPE|LOCAL_GATE|SENSITIVE_ACTION","server/routers/payrollRouter.ts:205"
"trpc","payrollRouter","advanceGrant","hr.payroll.advance_grant","mutation","hrWrite","module-map","hr","FULL","","none","HIGH","فعل حسّاس: grant","NO_BRANCH_SCOPE|LOCAL_GATE|SENSITIVE_ACTION","server/routers/payrollRouter.ts:180"
"trpc","payrollRouter","advancesList","hr.payroll.advances_list","query","hrRead","module-map","hr","READ","","none","LOW","قراءة","NO_BRANCH_SCOPE|LOCAL_GATE","server/routers/payrollRouter.ts:161"
"trpc","payrollRouter","advanceThresholds","hr.payroll.advance_thresholds","query","hrRead","module-map","hr","READ","","none","LOW","قراءة","NO_BRANCH_SCOPE|LOCAL_GATE","server/routers/payrollRouter.ts:178"
"trpc","payrollRouter","approve","hr.payroll.approve","mutation","hrWrite","module-map","hr","FULL","","none","HIGH","فعل حسّاس: approve","NO_BRANCH_SCOPE|LOCAL_GATE|SENSITIVE_ACTION","server/routers/payrollRouter.ts:75"
"trpc","payrollRouter","cancel","hr.payroll.void","mutation","hrWrite","module-map","hr","FULL","","none","HIGH","فعل حسّاس: cancel","NO_BRANCH_SCOPE|LOCAL_GATE|SENSITIVE_ACTION","server/routers/payrollRouter.ts:91"
"trpc","payrollRouter","generate","hr.payroll.generate","mutation","hrWrite","module-map","hr","FULL","","none","MEDIUM","كتابة","NO_BRANCH_SCOPE|LOCAL_GATE","server/routers/payrollRouter.ts:35"
"trpc","payrollRouter","get","hr.payroll.view","query","hrRead","module-map","hr","READ","","none","LOW","قراءة","NO_BRANCH_SCOPE|LOCAL_GATE","server/routers/payrollRouter.ts:26"
"trpc","payrollRouter","legalSettings","hr.payroll.legal_settings","query","hrRead","module-map","hr","READ","","none","LOW","قراءة","NO_BRANCH_SCOPE|LOCAL_GATE","server/routers/payrollRouter.ts:106"
"trpc","payrollRouter","list","hr.payroll.list","query","hrRead","module-map","hr","READ","","none","LOW","قراءة","NO_BRANCH_SCOPE|LOCAL_GATE","server/routers/payrollRouter.ts:24"
"trpc","payrollRouter","pay","hr.payroll.pay","mutation","hrWrite","module-map","hr","FULL","","none","MEDIUM","كتابة","NO_BRANCH_SCOPE|LOCAL_GATE","server/routers/payrollRouter.ts:83"
"trpc","payrollRouter","summaryReport","hr.payroll.view","query","hrRead","module-map","hr","READ","","none","LOW","قراءة","NO_BRANCH_SCOPE|LOCAL_GATE","server/routers/payrollRouter.ts:31"
"trpc","payrollRouter","updateItem","hr.payroll.update","mutation","hrWrite","module-map","hr","FULL","","none","MEDIUM","كتابة","NO_BRANCH_SCOPE|LOCAL_GATE","server/routers/payrollRouter.ts:54"
"trpc","payrollRouter","updateLegalSettings","hr.payroll.update","mutation","managerProcedure","raw-role","hr","FULL","manager","none","MEDIUM","كتابة","RAW_ROLE_GATE","server/routers/payrollRouter.ts:112"
"trpc","periodLockRouter","lock","accounting.period_lock.lock","mutation","adminProcedure","admin","","","admin","none","MEDIUM","كتابة","ADMIN_ONLY","server/routers/periodLockRouter.ts:20"
"trpc","periodLockRouter","status","accounting.period_lock.view","query","adminProcedure","admin","","","admin","none","LOW","قراءة","ADMIN_ONLY","server/routers/periodLockRouter.ts:15"
"trpc","periodLockRouter","unlock","accounting.period_lock.reopen","mutation","adminProcedure","admin","","","admin","none","HIGH","فعل حسّاس: unlock","ADMIN_ONLY|SENSITIVE_ACTION","server/routers/periodLockRouter.ts:39"
"trpc","platformAdminRouter","companies.list","platform.companies.list","query","platformAdminProcedure","platform","","","platformAdmin","none","LOW","قراءة","","server/routers/platformAdminRouter.ts:61"
"trpc","platformAdminRouter","companies.provisionRequests","platform.companies.provision_requests","query","platformAdminProcedure","platform","","","platformAdmin","none","LOW","قراءة","","server/routers/platformAdminRouter.ts:116"
"trpc","platformAdminRouter","companies.provisionStatus","platform.companies.provision_status","query","platformAdminProcedure","platform","","","platformAdmin","none","LOW","قراءة","","server/routers/platformAdminRouter.ts:111"
"trpc","platformAdminRouter","companies.requestCreate","platform.companies.request_create","mutation","platformAdminProcedure","platform","","","platformAdmin","none","MEDIUM","كتابة","","server/routers/platformAdminRouter.ts:81"
"trpc","platformAdminRouter","companies.setActive","platform.companies.update","mutation","platformAdminProcedure","platform","","","platformAdmin","none","MEDIUM","كتابة","","server/routers/platformAdminRouter.ts:63"
"trpc","platformAdminRouter","login","platform.platform_admin.authenticate","mutation","publicProcedure","none","","","","none","MEDIUM","كتابة","WRITE_WITHOUT_MODULE_GATE|UNAUTHENTICATED","server/routers/platformAdminRouter.ts:27"
"trpc","platformAdminRouter","logout","platform.platform_admin.logout","mutation","publicProcedure","none","","","","none","MEDIUM","كتابة","WRITE_WITHOUT_MODULE_GATE|UNAUTHENTICATED","server/routers/platformAdminRouter.ts:51"
"trpc","platformAdminRouter","me","platform.platform_admin.me","query","publicProcedure","none","","","","none","LOW","قراءة","READ_WITHOUT_MODULE_GATE|UNAUTHENTICATED","server/routers/platformAdminRouter.ts:45"
"trpc","priceWavesRouter","applyWave","catalog.price_wave.apply_wave","mutation","productsManagerProcedure","module-gate","products","FULL","manager","required","MEDIUM","كتابة","","server/routers/priceWavesRouter.ts:50"
"trpc","priceWavesRouter","list","catalog.price_wave.list","query","productsManagerProcedure","module-gate","products","FULL","manager","required","LOW","قراءة","","server/routers/priceWavesRouter.ts:79"
"trpc","priceWavesRouter","preview","catalog.price_wave.view","mutation","productsManagerProcedure","module-gate","products","FULL","manager","required","MEDIUM","كتابة","","server/routers/priceWavesRouter.ts:31"
"trpc","priceWavesRouter","unitHistory","catalog.price_wave.unit_history","query","productsManagerProcedure","module-gate","products","FULL","manager","required","LOW","قراءة","","server/routers/priceWavesRouter.ts:91"
"trpc","printPosRouter","createSale","sales.print_po.create","mutation","posCashierProcedure","module-gate","pos","FULL","cashier|manager","required","MEDIUM","كتابة","","server/routers/printPosRouter.ts:30"
"trpc","printPosRouter","services","sales.print_po.services","query","posCashierProcedure","module-gate","pos","FULL","cashier|manager","required","LOW","قراءة","","server/routers/printPosRouter.ts:25"
"trpc","printPricingRouter","createFinishing","sales.print_pricing.create","mutation","managerProcedure","raw-role","","","manager","none","MEDIUM","كتابة","RAW_ROLE_GATE","server/routers/printPricingRouter.ts:169"
"trpc","printPricingRouter","createPaperUpcharge","sales.print_pricing.create","mutation","managerProcedure","raw-role","","","manager","none","MEDIUM","كتابة","RAW_ROLE_GATE","server/routers/printPricingRouter.ts:114"
"trpc","printPricingRouter","createWideMedia","sales.print_pricing.create","mutation","managerProcedure","raw-role","","","manager","none","MEDIUM","كتابة","RAW_ROLE_GATE","server/routers/printPricingRouter.ts:145"
"trpc","printPricingRouter","deleteFacePrice","sales.print_pricing.delete","mutation","managerProcedure","raw-role","","","manager","none","HIGH","فعل حسّاس: delete","RAW_ROLE_GATE|SENSITIVE_ACTION","server/routers/printPricingRouter.ts:105"
"trpc","printPricingRouter","estimate","sales.print_pricing.estimate","query","managerProcedure","raw-role","","","manager","none","LOW","قراءة","RAW_ROLE_GATE","server/routers/printPricingRouter.ts:70"
"trpc","printPricingRouter","settings","sales.print_pricing.update","query","managerProcedure","raw-role","","","manager","none","LOW","قراءة","RAW_ROLE_GATE","server/routers/printPricingRouter.ts:73"
"trpc","printPricingRouter","updateFinishing","sales.print_pricing.update","mutation","managerProcedure","raw-role","","","manager","none","MEDIUM","كتابة","RAW_ROLE_GATE","server/routers/printPricingRouter.ts:177"
"trpc","printPricingRouter","updatePaperUpcharge","sales.print_pricing.update","mutation","managerProcedure","raw-role","","","manager","none","MEDIUM","كتابة","RAW_ROLE_GATE","server/routers/printPricingRouter.ts:128"
"trpc","printPricingRouter","updateSettings","sales.print_pricing.update","mutation","managerProcedure","raw-role","","","manager","none","MEDIUM","كتابة","RAW_ROLE_GATE","server/routers/printPricingRouter.ts:76"
"trpc","printPricingRouter","updateWideMedia","sales.print_pricing.update","mutation","managerProcedure","raw-role","","","manager","none","MEDIUM","كتابة","RAW_ROLE_GATE","server/routers/printPricingRouter.ts:153"
"trpc","printPricingRouter","upsertFacePrice","sales.print_pricing.upsert_face_price","mutation","managerProcedure","raw-role","","","manager","none","MEDIUM","كتابة","RAW_ROLE_GATE","server/routers/printPricingRouter.ts:91"
"trpc","productionRouter","cancel","inventory.production.void","mutation","inventoryManagerProcedure","module-gate","inventory","FULL","manager","required","HIGH","فعل حسّاس: cancel","SENSITIVE_ACTION","server/routers/productionRouter.ts:250"
"trpc","productionRouter","create","inventory.production.create","mutation","inventoryManagerProcedure","module-gate","inventory","FULL","manager","required","MEDIUM","كتابة","","server/routers/productionRouter.ts:196"
"trpc","productionRouter","get","inventory.production.view","query","inventoryManagerProcedure","module-gate","inventory","FULL","manager","required","LOW","قراءة","","server/routers/productionRouter.ts:177"
"trpc","productionRouter","list","inventory.production.list","query","inventoryManagerProcedure","module-gate","inventory","FULL","manager","required","LOW","قراءة","","server/routers/productionRouter.ts:147"
"trpc","productionRouter","recipes.create","inventory.recipes.create","mutation","inventoryManagerProcedure","module-gate","inventory","FULL","manager","required","MEDIUM","كتابة","","server/routers/productionRouter.ts:266"
"trpc","productionRouter","recipes.get","inventory.recipes.view","query","inventoryManagerProcedure","module-gate","inventory","FULL","manager","required","LOW","قراءة","","server/routers/productionRouter.ts:264"
"trpc","productionRouter","recipes.list","inventory.recipes.list","query","inventoryManagerProcedure","module-gate","inventory","FULL","manager","required","LOW","قراءة","","server/routers/productionRouter.ts:260"
"trpc","productionRouter","recipes.preview","inventory.recipes.view","query","inventoryManagerProcedure","module-gate","inventory","FULL","manager","required","LOW","قراءة","","server/routers/productionRouter.ts:304"
"trpc","productionRouter","recipes.remove","inventory.recipes.delete","mutation","inventoryManagerProcedure","module-gate","inventory","FULL","manager","required","HIGH","فعل حسّاس: remove","SENSITIVE_ACTION","server/routers/productionRouter.ts:297"
"trpc","productionRouter","recipes.setActive","inventory.recipes.update","mutation","inventoryManagerProcedure","module-gate","inventory","FULL","manager","required","MEDIUM","كتابة","","server/routers/productionRouter.ts:289"
"trpc","productionRouter","recipes.update","inventory.recipes.update","mutation","inventoryManagerProcedure","module-gate","inventory","FULL","manager","required","MEDIUM","كتابة","","server/routers/productionRouter.ts:277"
"trpc","productionRouter","runPreview","inventory.production.run_preview","query","inventoryManagerProcedure","module-gate","inventory","FULL","manager","required","LOW","قراءة","","server/routers/productionRouter.ts:184"
"trpc","promotionRouter","approvePromotion","hr.promotion.approve","mutation","hrWrite","module-map","hr","FULL","","none","HIGH","فعل حسّاس: approve","NO_BRANCH_SCOPE|LOCAL_GATE|SENSITIVE_ACTION","server/routers/promotionRouter.ts:79"
"trpc","promotionRouter","completeTermination","hr.promotion.complete_termination","mutation","hrWrite","module-map","hr","FULL","","none","MEDIUM","كتابة","NO_BRANCH_SCOPE|LOCAL_GATE","server/routers/promotionRouter.ts:115"
"trpc","promotionRouter","createPromotion","hr.promotion.create","mutation","hrWrite","module-map","hr","FULL","","none","MEDIUM","كتابة","NO_BRANCH_SCOPE|LOCAL_GATE","server/routers/promotionRouter.ts:42"
"trpc","promotionRouter","createTermination","hr.promotion.create","mutation","hrWrite","module-map","hr","FULL","","none","MEDIUM","كتابة","NO_BRANCH_SCOPE|LOCAL_GATE","server/routers/promotionRouter.ts:94"
"trpc","promotionRouter","listPromotions","hr.promotion.list","query","hrRead","module-map","hr","READ","","none","LOW","قراءة","NO_BRANCH_SCOPE|LOCAL_GATE","server/routers/promotionRouter.ts:40"
"trpc","promotionRouter","listTerminations","hr.promotion.list","query","hrRead","module-map","hr","READ","","none","LOW","قراءة","NO_BRANCH_SCOPE|LOCAL_GATE","server/routers/promotionRouter.ts:92"
"trpc","promotionRouter","report","hr.promotion.view","query","hrRead","module-map","hr","READ","","none","LOW","قراءة","NO_BRANCH_SCOPE|LOCAL_GATE","server/routers/promotionRouter.ts:37"
"trpc","promotionsV2Router","activeToday","marketing.promotions_v2.active_today","query","campaignsReadProcedure","module-map","campaigns","READ","","scoped","LOW","قراءة","","server/routers/promotionsV2Router.ts:156"
"trpc","promotionsV2Router","create","marketing.promotions_v2.create","mutation","campaignsManagerProcedure","module-gate","campaigns","FULL","manager","required","MEDIUM","كتابة","","server/routers/promotionsV2Router.ts:69"
"trpc","promotionsV2Router","deactivate","marketing.promotions_v2.revoke","mutation","campaignsManagerProcedure","module-gate","campaigns","FULL","manager","required","MEDIUM","كتابة","","server/routers/promotionsV2Router.ts:138"
"trpc","promotionsV2Router","getById","marketing.promotions_v2.view","query","campaignsReadProcedure","module-map","campaigns","READ","","scoped","LOW","قراءة","","server/routers/promotionsV2Router.ts:57"
"trpc","promotionsV2Router","list","marketing.promotions_v2.list","query","campaignsReadProcedure","module-map","campaigns","READ","","scoped","LOW","قراءة","","server/routers/promotionsV2Router.ts:35"
"trpc","purchaseReturns","create","purchasing.purchase_return.create","mutation","purchasesManagerProcedure","module-gate","purchases","FULL","manager|purchasing","required","MEDIUM","كتابة","","server/routers/purchaseReturns.ts:21"
"trpc","purchaseReturns","list","purchasing.purchase_return.list","query","purchasesManagerProcedure","module-gate","purchases","FULL","manager|purchasing","required","LOW","قراءة","","server/routers/purchaseReturns.ts:83"
"trpc","purchaseRouter","cancel","purchasing.purchase.void","mutation","purchasesManagerProcedure","module-gate","purchases","FULL","manager|purchasing","required","HIGH","فعل حسّاس: cancel","SENSITIVE_ACTION","server/routers/purchaseRouter.ts:234"
"trpc","purchaseRouter","createOrder","purchasing.purchase.create","mutation","purchasesManagerProcedure","module-gate","purchases","FULL","manager|purchasing","required","MEDIUM","كتابة","","server/routers/purchaseRouter.ts:98"
"trpc","purchaseRouter","get","purchasing.purchase.view","query","purchasesReadProcedure","module-map","purchases","READ","","scoped","LOW","قراءة","","server/routers/purchaseRouter.ts:348"
"trpc","purchaseRouter","list","purchasing.purchase.list","query","purchasesReadProcedure","module-map","purchases","READ","","scoped","LOW","قراءة","","server/routers/purchaseRouter.ts:253"
"trpc","purchaseRouter","listCount","purchasing.purchase.list","query","purchasesReadProcedure","module-map","purchases","READ","","scoped","LOW","قراءة","","server/routers/purchaseRouter.ts:320"
"trpc","purchaseRouter","priceInsights","purchasing.purchase.price_insights","query","purchasesManagerProcedure","module-gate","purchases","FULL","manager|purchasing","required","LOW","قراءة","","server/routers/purchaseRouter.ts:58"
"trpc","purchaseRouter","receive","purchasing.purchase.receive","mutation","purchasesWarehouseProcedure","module-gate","purchases","FULL","warehouse|manager|purchasing","required","MEDIUM","كتابة","","server/routers/purchaseRouter.ts:146"
"trpc","purchaseRouter","settleUsdDirect","purchasing.purchase.update","mutation","purchasesManagerProcedure","module-gate","purchases","FULL","manager|purchasing","required","HIGH","فعل حسّاس: settle","SENSITIVE_ACTION","server/routers/purchaseRouter.ts:203"
"trpc","pushRouter","myStatus","admin.push.my_status","query","managerProcedure","raw-role","","","manager","none","LOW","قراءة","RAW_ROLE_GATE","server/routers/pushRouter.ts:27"
"trpc","pushRouter","publicKey","admin.push.public_key","query","managerProcedure","raw-role","","","manager","none","LOW","قراءة","RAW_ROLE_GATE","server/routers/pushRouter.ts:21"
"trpc","pushRouter","subscribe","admin.push.subscribe","mutation","managerProcedure","raw-role","","","manager","none","MEDIUM","كتابة","RAW_ROLE_GATE","server/routers/pushRouter.ts:41"
"trpc","pushRouter","unsubscribe","admin.push.unsubscribe","mutation","managerProcedure","raw-role","","","manager","none","MEDIUM","كتابة","RAW_ROLE_GATE","server/routers/pushRouter.ts:62"
"trpc","quotationRouter","convert","sales.quotation.convert","mutation","salesManagerProcedure","module-gate","sales","FULL","manager","required","MEDIUM","كتابة","","server/routers/quotationRouter.ts:167"
"trpc","quotationRouter","create","sales.quotation.create","mutation","salesManagerProcedure","module-gate","sales","FULL","manager","required","MEDIUM","كتابة","","server/routers/quotationRouter.ts:56"
"trpc","quotationRouter","get","sales.quotation.view","query","salesReadProcedure","module-map","sales","READ","","scoped","LOW","قراءة","","server/routers/quotationRouter.ts:43"
"trpc","quotationRouter","list","sales.quotation.list","query","salesReadProcedure","module-map","sales","READ","","scoped","LOW","قراءة","","server/routers/quotationRouter.ts:23"
"trpc","quotationRouter","setStatus","sales.quotation.update","mutation","salesManagerProcedure","module-gate","sales","FULL","manager","required","MEDIUM","كتابة","","server/routers/quotationRouter.ts:151"
"trpc","quotationRouter","update","sales.quotation.update","mutation","salesManagerProcedure","module-gate","sales","FULL","manager","required","MEDIUM","كتابة","","server/routers/quotationRouter.ts:103"
"trpc","recruitmentRouter","create","hr.recruitment.create","mutation","hrWrite","module-map","hr","FULL","","none","MEDIUM","كتابة","NO_BRANCH_SCOPE|LOCAL_GATE","server/routers/recruitmentRouter.ts:71"
"trpc","recruitmentRouter","get","hr.recruitment.view","query","hrRead","module-map","hr","READ","","none","LOW","قراءة","NO_BRANCH_SCOPE|LOCAL_GATE","server/routers/recruitmentRouter.ts:68"
"trpc","recruitmentRouter","list","hr.recruitment.list","query","hrRead","module-map","hr","READ","","none","LOW","قراءة","NO_BRANCH_SCOPE|LOCAL_GATE","server/routers/recruitmentRouter.ts:56"
"trpc","recruitmentRouter","openVacancies","hr.recruitment.create","query","publicProcedure","none","","","","none","LOW","قراءة","READ_WITHOUT_MODULE_GATE|UNAUTHENTICATED","server/routers/recruitmentRouter.ts:129"
"trpc","recruitmentRouter","setRating","hr.recruitment.update","mutation","hrWrite","module-map","hr","FULL","","none","MEDIUM","كتابة","NO_BRANCH_SCOPE|LOCAL_GATE","server/routers/recruitmentRouter.ts:107"
"trpc","recruitmentRouter","submit","hr.recruitment.create","mutation","publicProcedure","none","","","","none","MEDIUM","كتابة","WRITE_WITHOUT_MODULE_GATE|UNAUTHENTICATED","server/routers/recruitmentRouter.ts:120"
"trpc","recruitmentRouter","updateStage","hr.recruitment.update","mutation","hrWrite","module-map","hr","FULL","","none","MEDIUM","كتابة","NO_BRANCH_SCOPE|LOCAL_GATE","server/routers/recruitmentRouter.ts:93"
"trpc","recruitmentRouter","vacancyCounts","hr.recruitment.vacancy_counts","query","hrRead","module-map","hr","READ","","none","LOW","قراءة","NO_BRANCH_SCOPE|LOCAL_GATE","server/routers/recruitmentRouter.ts:141"
"trpc","recruitmentRouter","vacancyCreate","hr.recruitment.vacancy_create","mutation","hrWrite","module-map","hr","FULL","","none","MEDIUM","كتابة","NO_BRANCH_SCOPE|LOCAL_GATE","server/routers/recruitmentRouter.ts:143"
"trpc","recruitmentRouter","vacancyDelete","hr.recruitment.vacancy_delete","mutation","hrWrite","module-map","hr","FULL","","none","HIGH","فعل حسّاس: delete","NO_BRANCH_SCOPE|LOCAL_GATE|SENSITIVE_ACTION","server/routers/recruitmentRouter.ts:183"
"trpc","recruitmentRouter","vacancyGet","hr.recruitment.vacancy_get","query","hrRead","module-map","hr","READ","","none","LOW","قراءة","NO_BRANCH_SCOPE|LOCAL_GATE","server/routers/recruitmentRouter.ts:136"
"trpc","recruitmentRouter","vacancyList","hr.recruitment.vacancy_list","query","hrRead","module-map","hr","READ","","none","LOW","قراءة","NO_BRANCH_SCOPE|LOCAL_GATE","server/routers/recruitmentRouter.ts:132"
"trpc","recruitmentRouter","vacancyPublish","hr.recruitment.vacancy_publish","mutation","hrWrite","module-map","hr","FULL","","none","MEDIUM","كتابة","NO_BRANCH_SCOPE|LOCAL_GATE","server/routers/recruitmentRouter.ts:170"
"trpc","recruitmentRouter","vacancyUpdate","hr.recruitment.vacancy_update","mutation","hrWrite","module-map","hr","FULL","","none","MEDIUM","كتابة","NO_BRANCH_SCOPE|LOCAL_GATE","server/routers/recruitmentRouter.ts:156"
"trpc","reportsRouter","abcAnalysis","reports.report.abc_analysis","query","reportsBranchScoped","module-gate","reports","READ","manager|accountant|auditor","asserted","LOW","قراءة","","server/routers/reportsRouter.ts:654"
"trpc","reportsRouter","anomalyWatch","reports.report.anomaly_watch","query","reportsBranchScoped","module-gate","reports","READ","manager|accountant|auditor","asserted","LOW","قراءة","","server/routers/reportsRouter.ts:94"
"trpc","reportsRouter","apAging","reports.report.ap_aging","query","reportsBranchScoped","module-gate","reports","READ","manager|accountant|auditor","asserted","LOW","قراءة","","server/routers/reportsRouter.ts:175"
"trpc","reportsRouter","arAging","reports.report.ar_aging","query","reportsBranchScoped","module-gate","reports","READ","manager|accountant|auditor","asserted","LOW","قراءة","","server/routers/reportsRouter.ts:77"
"trpc","reportsRouter","arApAgingDetail","reports.report.ar_ap_aging_detail","query","reportsBranchScoped","module-gate","reports","READ","manager|accountant|auditor","asserted","LOW","قراءة","","server/routers/reportsRouter.ts:613"
"trpc","reportsRouter","cashFlow","reports.report.cash_flow","query","reportsBranchScoped","module-gate","reports","READ","manager|accountant|auditor","asserted","LOW","قراءة","","server/routers/reportsRouter.ts:546"
"trpc","reportsRouter","cashOrphans","reports.report.cash_orphans","query","reportsBranchScoped","module-gate","reports","READ","manager|accountant|auditor","asserted","LOW","قراءة","","server/routers/reportsRouter.ts:684"
"trpc","reportsRouter","courierPerformance","reports.report.courier_performance","query","reportsBranchScoped","module-gate","reports","READ","manager|accountant|auditor","asserted","LOW","قراءة","","server/routers/reportsRouter.ts:773"
"trpc","reportsRouter","creditExposure","reports.report.credit_exposure","query","reportsBranchScoped","module-gate","reports","READ","manager|accountant|auditor","asserted","LOW","قراءة","","server/routers/reportsRouter.ts:102"
"trpc","reportsRouter","customersIndex","reports.report.customers_index","query","reportsProcedure","module-gate","reports","READ","manager|accountant|auditor","asserted","LOW","قراءة","","server/routers/reportsRouter.ts:162"
"trpc","reportsRouter","customerStatement","reports.report.customer_statement","query","reportsBranchScoped","module-gate","reports","READ","manager|accountant|auditor","asserted","LOW","قراءة","","server/routers/reportsRouter.ts:150"
"trpc","reportsRouter","dashboardMetrics","reports.report.dashboard_metrics","query","protectedProcedure","none","","","","none","LOW","قراءة","READ_WITHOUT_MODULE_GATE","server/routers/reportsRouter.ts:377"
"trpc","reportsRouter","dayCloseReconciliation","reports.report.day_close_reconciliation","query","reportsBranchScoped","module-gate","reports","READ","manager|accountant|auditor","asserted","LOW","قراءة","","server/routers/reportsRouter.ts:712"
"trpc","reportsRouter","deadStockValue","reports.report.dead_stock_value","query","reportsBranchScoped","module-gate","reports","READ","manager|accountant|auditor","asserted","LOW","قراءة","","server/routers/reportsRouter.ts:110"
"trpc","reportsRouter","expensesReport","reports.report.expenses_report","query","reportsBranchScoped","module-gate","reports","READ","manager|accountant|auditor","asserted","LOW","قراءة","","server/routers/reportsRouter.ts:670"
"trpc","reportsRouter","financialPosition","reports.report.financial_position","query","reportsBranchScoped","module-gate","reports","READ","manager|accountant|auditor","asserted","LOW","قراءة","","server/routers/reportsRouter.ts:538"
"trpc","reportsRouter","generalLedger","reports.report.general_ledger","query","reportsBranchScoped","module-gate","reports","READ","manager|accountant|auditor","asserted","LOW","قراءة","","server/routers/reportsRouter.ts:505"
"trpc","reportsRouter","inventoryValuation","reports.report.inventory_valuation","query","reportsBranchScoped","module-gate","reports","READ","manager|accountant|auditor","asserted","LOW","قراءة","","server/routers/reportsRouter.ts:621"
"trpc","reportsRouter","itemLedger","reports.report.item_ledger","query","reportsBranchScoped","module-gate","reports","READ","manager|accountant|auditor","asserted","LOW","قراءة","","server/routers/reportsRouter.ts:637"
"trpc","reportsRouter","managementAlerts","reports.report.management_alerts","query","reportsBranchScoped","module-gate","reports","READ","manager|accountant|auditor","asserted","LOW","قراءة","","server/routers/reportsRouter.ts:85"
"trpc","reportsRouter","monthlyClosePack","reports.report.monthly_close_pack","query","reportsBranchScoped","module-gate","reports","READ","manager|accountant|auditor","asserted","LOW","قراءة","","server/routers/reportsRouter.ts:581"
"trpc","reportsRouter","negativeStock","reports.report.negative_stock","query","reportsBranchScoped","module-gate","reports","READ","manager|accountant|auditor","asserted","LOW","قراءة","","server/routers/reportsRouter.ts:119"
"trpc","reportsRouter","productionReport","reports.report.production_report","query","reportsBranchScoped","module-gate","reports","READ","manager|accountant|auditor","asserted","LOW","قراءة","","server/routers/reportsRouter.ts:720"
"trpc","reportsRouter","profitAndLoss","reports.report.profit_and_loss","query","reportsBranchScoped","module-gate","reports","READ","manager|accountant|auditor","asserted","LOW","قراءة","","server/routers/reportsRouter.ts:480"
"trpc","reportsRouter","profitByCategory","reports.report.profit_by_category","query","reportsBranchScoped","module-gate","reports","READ","manager|accountant|auditor","asserted","LOW","قراءة","","server/routers/reportsRouter.ts:461"
"trpc","reportsRouter","purchaseRegister","reports.report.purchase_register","query","reportsBranchScoped","module-gate","reports","READ","manager|accountant|auditor","asserted","LOW","قراءة","","server/routers/reportsRouter.ts:600"
"trpc","reportsRouter","purchasesReport","reports.report.purchases_report","query","reportsBranchScoped","module-gate","reports","READ","manager|accountant|auditor","asserted","LOW","قراءة","","server/routers/reportsRouter.ts:592"
"trpc","reportsRouter","reconcile","reports.report.reconcile","query","adminProcedure","admin","","","admin","none","LOW","قراءة","ADMIN_ONLY","server/routers/reportsRouter.ts:408"
"trpc","reportsRouter","reorderRisk","reports.report.reorder_risk","query","reportsBranchScoped","module-gate","reports","READ","manager|accountant|auditor","asserted","LOW","قراءة","","server/routers/reportsRouter.ts:127"
"trpc","reportsRouter","salesByDimension","reports.report.sales_by_dimension","query","reportsBranchScoped","module-gate","reports","READ","manager|accountant|auditor","asserted","LOW","قراءة","","server/routers/reportsRouter.ts:567"
"trpc","reportsRouter","salesRegister","reports.report.sales_register","query","reportsBranchScoped","module-gate","reports","READ","manager|accountant|auditor","asserted","LOW","قراءة","","server/routers/reportsRouter.ts:554"
"trpc","reportsRouter","salesReport","reports.report.sales_report","query","reportsBranchScoped","module-gate","reports","READ","manager|accountant|auditor","asserted","LOW","قراءة","","server/routers/reportsRouter.ts:212"
"trpc","reportsRouter","slowMovers","reports.report.slow_movers","query","reportsBranchScoped","module-gate","reports","READ","manager|accountant|auditor","asserted","LOW","قراءة","","server/routers/reportsRouter.ts:444"
"trpc","reportsRouter","stockStatus","reports.report.stock_status","query","reportsBranchScoped","module-gate","reports","READ","manager|accountant|auditor","asserted","LOW","قراءة","","server/routers/reportsRouter.ts:629"
"trpc","reportsRouter","stocktakeVariance","reports.report.stocktake_variance","query","reportsBranchScoped","module-gate","reports","READ","manager|accountant|auditor","asserted","LOW","قراءة","","server/routers/reportsRouter.ts:135"
"trpc","reportsRouter","suppliersIndex","reports.report.suppliers_index","query","reportsProcedure","module-gate","reports","READ","manager|accountant|auditor","asserted","LOW","قراءة","","server/routers/reportsRouter.ts:195"
"trpc","reportsRouter","supplierStatement","reports.report.supplier_statement","query","reportsBranchScoped","module-gate","reports","READ","manager|accountant|auditor","asserted","LOW","قراءة","","server/routers/reportsRouter.ts:182"
"trpc","reportsRouter","topProducts","reports.report.top_products","query","reportsBranchScoped","module-gate","reports","READ","manager|accountant|auditor","asserted","LOW","قراءة","","server/routers/reportsRouter.ts:425"
"trpc","reportsRouter","treasurySummary","reports.report.treasury_summary","query","reportsBranchScoped","module-gate","reports","READ","manager|accountant|auditor","asserted","LOW","قراءة","","server/routers/reportsRouter.ts:662"
"trpc","reportsRouter","whatsappAgentVolume","reports.report.whatsapp_agent_volume","query","reportsBranchScoped","module-gate","reports","READ","manager|accountant|auditor","asserted","LOW","قراءة","","server/routers/reportsRouter.ts:795"
"trpc","reportsRouter","whatsappCampaignPerformance","reports.report.whatsapp_campaign_performance","query","reportsBranchScoped","module-gate","reports","READ","manager|accountant|auditor","asserted","LOW","قراءة","","server/routers/reportsRouter.ts:813"
"trpc","reportsRouter","whatsappCsat","reports.report.whatsapp_csat","query","reportsBranchScoped","module-gate","reports","READ","manager|accountant|auditor","asserted","LOW","قراءة","","server/routers/reportsRouter.ts:804"
"trpc","reportsRouter","whatsappTaskResponse","reports.report.whatsapp_task_response","query","reportsBranchScoped","module-gate","reports","READ","manager|accountant|auditor","asserted","LOW","قراءة","","server/routers/reportsRouter.ts:786"
"trpc","reportsRouter","wipReport","reports.report.wip_report","query","reportsBranchScoped","module-gate","reports","READ","manager|accountant|auditor","asserted","LOW","قراءة","","server/routers/reportsRouter.ts:143"
"trpc","reportsRouter","workOrderProfitability","reports.report.work_order_profitability","query","reportsBranchScoped","module-gate","reports","READ","manager|accountant|auditor","asserted","LOW","قراءة","","server/routers/reportsRouter.ts:733"
"trpc","reportsRouter","workOrdersReport","reports.report.work_orders_report","query","reportsBranchScoped","module-gate","reports","READ","manager|accountant|auditor","asserted","LOW","قراءة","","server/routers/reportsRouter.ts:761"
"trpc","reservationsRouter","cancel","reservations.reservation.void","mutation","reservationsWrite","module-map","reservations","FULL","","scoped","HIGH","فعل حسّاس: cancel","LOCAL_GATE|SENSITIVE_ACTION","server/routers/reservationsRouter.ts:192"
"trpc","reservationsRouter","convert","reservations.reservation.convert","mutation","reservationsWrite","module-map","reservations","FULL","","scoped","MEDIUM","كتابة","LOCAL_GATE","server/routers/reservationsRouter.ts:219"
"trpc","reservationsRouter","create","reservations.reservation.create","mutation","reservationsWrite","module-map","reservations","FULL","","scoped","MEDIUM","كتابة","LOCAL_GATE","server/routers/reservationsRouter.ts:155"
"trpc","reservationsRouter","extend","reservations.reservation.extend","mutation","reservationsWrite","module-map","reservations","FULL","role-check","scoped","MEDIUM","كتابة","LOCAL_GATE|HANDLER_ROLE_CHECK|RAW_ROLE_GATE","server/routers/reservationsRouter.ts:205"
"trpc","reservationsRouter","get","reservations.reservation.view","query","reservationsRead","module-map","reservations","READ","","scoped","LOW","قراءة","LOCAL_GATE","server/routers/reservationsRouter.ts:88"
"trpc","reservationsRouter","list","reservations.reservation.list","query","reservationsRead","module-map","reservations","READ","","scoped","LOW","قراءة","LOCAL_GATE","server/routers/reservationsRouter.ts:36"
"trpc","returnRouter","create","sales.return.create","mutation","salesManagerProcedure","module-gate","sales","FULL","manager","required","MEDIUM","كتابة","","server/routers/returnRouter.ts:18"
"trpc","returnRouter","getInvoice","sales.return.view","query","salesManagerProcedure","module-gate","sales","FULL","manager","required","LOW","قراءة","","server/routers/returnRouter.ts:80"
"trpc","returnRouter","list","sales.return.list","query","salesManagerProcedure","module-gate","sales","FULL","manager","required","LOW","قراءة","","server/routers/returnRouter.ts:53"
"trpc","roleRouter","create","iam.role.create","mutation","adminProcedure","admin","","","admin","none","MEDIUM","كتابة","ADMIN_ONLY","server/routers/roleRouter.ts:36"
"trpc","roleRouter","get","iam.role.view","query","adminProcedure","admin","","","admin","none","LOW","قراءة","ADMIN_ONLY","server/routers/roleRouter.ts:32"
"trpc","roleRouter","list","iam.role.list","query","adminProcedure","admin","","","admin","none","LOW","قراءة","ADMIN_ONLY","server/routers/roleRouter.ts:22"
"trpc","roleRouter","remove","iam.role.delete","mutation","adminProcedure","admin","","","admin","none","HIGH","فعل حسّاس: remove","ADMIN_ONLY|SENSITIVE_ACTION","server/routers/roleRouter.ts:107"
"trpc","roleRouter","setActive","iam.role.update","mutation","adminProcedure","admin","","","admin","none","MEDIUM","كتابة","ADMIN_ONLY","server/routers/roleRouter.ts:95"
"trpc","roleRouter","update","iam.role.update","mutation","adminProcedure","admin","","","admin","none","MEDIUM","كتابة","ADMIN_ONLY","server/routers/roleRouter.ts:59"
"trpc","saleRouter","create","sales.sale.create","mutation","salesCashierProcedure","module-gate","sales","FULL","cashier|manager","required","MEDIUM","كتابة","","server/routers/saleRouter.ts:239"
"trpc","saleRouter","get","sales.sale.view","query","salesReadProcedure","module-map","sales","READ","","scoped","LOW","قراءة","","server/routers/saleRouter.ts:523"
"trpc","saleRouter","list","sales.sale.list","query","salesReadProcedure","module-map","sales","READ","","scoped","LOW","قراءة","","server/routers/saleRouter.ts:384"
"trpc","saleRouter","listPage","sales.sale.list","query","salesReadProcedure","module-map","sales","READ","","scoped","LOW","قراءة","","server/routers/saleRouter.ts:428"
"trpc","saleRouter","listSummary","sales.sale.list","query","salesReadProcedure","module-map","sales","READ","","scoped","LOW","قراءة","","server/routers/saleRouter.ts:491"
"trpc","saleRouter","pay","sales.sale.pay","mutation","salesCashierProcedure","module-gate","sales","FULL","cashier|manager","required","MEDIUM","كتابة","","server/routers/saleRouter.ts:334"
"trpc","saleRouter","salespeople","sales.sale.salespeople","query","salesReadProcedure","module-map","sales","READ","","scoped","LOW","قراءة","","server/routers/saleRouter.ts:471"
"trpc","shiftRouter","cashDrop","treasury.shift.cash_drop","mutation","treasuryCashierProcedure","module-gate","treasury","READ","cashier|manager","required","MEDIUM","كتابة","","server/routers/shiftRouter.ts:218"
"trpc","shiftRouter","close","treasury.shift.close","mutation","treasuryCashierProcedure","module-gate","treasury","READ","cashier|manager","required","HIGH","فعل حسّاس: close","SENSITIVE_ACTION","server/routers/shiftRouter.ts:159"
"trpc","shiftRouter","current","treasury.shift.current","query","treasuryReadProcedure","module-map","treasury","READ","","scoped","LOW","قراءة","","server/routers/shiftRouter.ts:296"
"trpc","shiftRouter","handoverRecipients","treasury.shift.handover_recipients","query","treasuryCashierProcedure","module-gate","treasury","READ","cashier|manager","required","LOW","قراءة","","server/routers/shiftRouter.ts:264"
"trpc","shiftRouter","list","treasury.shift.list","query","treasuryReadProcedure","module-map","treasury","READ","","scoped","LOW","قراءة","","server/routers/shiftRouter.ts:21"
"trpc","shiftRouter","open","treasury.shift.create","mutation","treasuryCashierProcedure","module-gate","treasury","READ","cashier|manager","required","MEDIUM","كتابة","","server/routers/shiftRouter.ts:112"
"trpc","shiftRouter","report","treasury.shift.view","query","treasuryReadProcedure","module-map","treasury","READ","","scoped","LOW","قراءة","","server/routers/shiftRouter.ts:277"
"trpc","stocktakeRouter","approve","inventory.stocktake.approve","mutation","managerProcedure","raw-role","","","manager","none","HIGH","فعل حسّاس: approve","RAW_ROLE_GATE|SENSITIVE_ACTION","server/routers/stocktakeRouter.ts:288"
"trpc","stocktakeRouter","assignableUsers","inventory.stocktake.update","query","warehouseProcedure","raw-role","","","warehouse|manager","required","LOW","قراءة","RAW_ROLE_GATE","server/routers/stocktakeRouter.ts:200"
"trpc","stocktakeRouter","cancel","inventory.stocktake.void","mutation","adminProcedure","admin","","","admin","none","HIGH","فعل حسّاس: cancel","ADMIN_ONLY|SENSITIVE_ACTION","server/routers/stocktakeRouter.ts:316"
"trpc","stocktakeRouter","countSheets","inventory.stocktake.count_sheets","query","warehouseProcedure","raw-role","","","warehouse|manager","required","LOW","قراءة","RAW_ROLE_GATE","server/routers/stocktakeRouter.ts:364"
"trpc","stocktakeRouter","create","inventory.stocktake.create","mutation","warehouseProcedure","raw-role","","","warehouse|manager","required","MEDIUM","كتابة","RAW_ROLE_GATE","server/routers/stocktakeRouter.ts:70"
"trpc","stocktakeRouter","cycleSuggestions","inventory.stocktake.cycle_suggestions","query","warehouseProcedure","raw-role","","","warehouse|manager","required","LOW","قراءة","RAW_ROLE_GATE","server/routers/stocktakeRouter.ts:342"
"trpc","stocktakeRouter","decide","inventory.stocktake.decide","mutation","managerProcedure","raw-role","","","manager","none","MEDIUM","كتابة","RAW_ROLE_GATE","server/routers/stocktakeRouter.ts:254"
"trpc","stocktakeRouter","firstSign","inventory.stocktake.first_sign","mutation","managerProcedure","raw-role","","","manager","none","MEDIUM","كتابة","RAW_ROLE_GATE","server/routers/stocktakeRouter.ts:276"
"trpc","stocktakeRouter","forceReview","inventory.stocktake.force_review","mutation","managerProcedure","raw-role","","","manager","none","MEDIUM","كتابة","RAW_ROLE_GATE","server/routers/stocktakeRouter.ts:304"
"trpc","stocktakeRouter","get","inventory.stocktake.view","query","warehouseProcedure","raw-role","","","warehouse|manager","required","LOW","قراءة","RAW_ROLE_GATE","server/routers/stocktakeRouter.ts:188"
"trpc","stocktakeRouter","ira","inventory.stocktake.ira","query","managerProcedure","raw-role","","","manager","none","LOW","قراءة","RAW_ROLE_GATE","server/routers/stocktakeRouter.ts:352"
"trpc","stocktakeRouter","list","inventory.stocktake.list","query","warehouseProcedure","raw-role","","","warehouse|manager","required","LOW","قراءة","RAW_ROLE_GATE","server/routers/stocktakeRouter.ts:167"
"trpc","stocktakeRouter","log","inventory.stocktake.log","query","managerProcedure","raw-role","","","manager","none","LOW","قراءة","RAW_ROLE_GATE","server/routers/stocktakeRouter.ts:369"
"trpc","stocktakeRouter","monitor","inventory.stocktake.monitor","query","warehouseProcedure","raw-role","","","warehouse|manager","required","LOW","قراءة","RAW_ROLE_GATE","server/routers/stocktakeRouter.ts:193"
"trpc","stocktakeRouter","previewScopeCount","inventory.stocktake.view","query","inventoryReadProcedure","module-map","inventory","READ","","scoped","LOW","قراءة","","server/routers/stocktakeRouter.ts:145"
"trpc","stocktakeRouter","regeneratePin","inventory.stocktake.regenerate_pin","mutation","warehouseProcedure","raw-role","","","warehouse|manager","required","MEDIUM","كتابة","RAW_ROLE_GATE","server/routers/stocktakeRouter.ts:329"
"trpc","stocktakeRouter","report","inventory.stocktake.view","query","managerProcedure","raw-role","","","manager","none","LOW","قراءة","RAW_ROLE_GATE","server/routers/stocktakeRouter.ts:359"
"trpc","stocktakeRouter","requestRecount","inventory.stocktake.request_recount","mutation","warehouseProcedure","raw-role","","","warehouse|manager","required","MEDIUM","كتابة","RAW_ROLE_GATE","server/routers/stocktakeRouter.ts:227"
"trpc","stocktakeRouter","resolveConflict","inventory.stocktake.resolve_conflict","mutation","managerProcedure","raw-role","","","manager","none","MEDIUM","كتابة","RAW_ROLE_GATE","server/routers/stocktakeRouter.ts:240"
"trpc","stocktakeRouter","review","inventory.stocktake.review","query","managerProcedure","raw-role","","","manager","none","LOW","قراءة","RAW_ROLE_GATE","server/routers/stocktakeRouter.ts:219"
"trpc","stocktakeRouter","stats","inventory.stocktake.view","query","warehouseProcedure","raw-role","","","warehouse|manager","required","LOW","قراءة","RAW_ROLE_GATE","server/routers/stocktakeRouter.ts:354"
"trpc","storeAdminRouter","assignProducts","store.store_admin.update","mutation","storeManagerProcedure","module-gate","store","FULL","manager","required","MEDIUM","كتابة","","server/routers/storeAdminRouter.ts:260"
"trpc","storeAdminRouter","counts","store.store_admin.counts","query","storeReadProcedure","module-map","store","READ","","scoped","LOW","قراءة","","server/routers/storeAdminRouter.ts:73"
"trpc","storeAdminRouter","create","store.store_admin.create","mutation","storeManagerProcedure","module-gate","store","FULL","manager","required","MEDIUM","كتابة","","server/routers/storeAdminRouter.ts:167"
"trpc","storeAdminRouter","create","store.store_admin.create","mutation","storeManagerProcedure","module-gate","store","FULL","manager","required","MEDIUM","كتابة","","server/routers/storeAdminRouter.ts:217"
"trpc","storeAdminRouter","create","store.store_admin.create","mutation","storeManagerProcedure","module-gate","store","FULL","manager","required","MEDIUM","كتابة","","server/routers/storeAdminRouter.ts:335"
"trpc","storeAdminRouter","deactivate","store.store_admin.revoke","mutation","storeManagerProcedure","module-gate","store","FULL","manager","required","MEDIUM","كتابة","","server/routers/storeAdminRouter.ts:364"
"trpc","storeAdminRouter","detail","store.store_admin.view","query","storeReadProcedure","module-map","store","READ","","scoped","LOW","قراءة","","server/routers/storeAdminRouter.ts:76"
"trpc","storeAdminRouter","dispatch","store.store_admin.dispatch","mutation","storeManagerProcedure","module-gate","store","FULL","manager","required","MEDIUM","كتابة","","server/routers/storeAdminRouter.ts:101"
"trpc","storeAdminRouter","get","store.store_admin.view","query","storeReadProcedure","module-map","store","READ","","scoped","LOW","قراءة","","server/routers/storeAdminRouter.ts:197"
"trpc","storeAdminRouter","list","store.store_admin.list","query","storeReadProcedure","module-map","store","READ","","scoped","LOW","قراءة","","server/routers/storeAdminRouter.ts:66"
"trpc","storeAdminRouter","list","store.store_admin.list","query","storeReadProcedure","module-map","store","READ","","scoped","LOW","قراءة","","server/routers/storeAdminRouter.ts:166"
"trpc","storeAdminRouter","list","store.store_admin.list","query","storeReadProcedure","module-map","store","READ","","scoped","LOW","قراءة","","server/routers/storeAdminRouter.ts:216"
"trpc","storeAdminRouter","list","store.store_admin.list","query","storeReadProcedure","module-map","store","READ","","scoped","LOW","قراءة","","server/routers/storeAdminRouter.ts:272"
"trpc","storeAdminRouter","list","store.store_admin.list","query","storeReadProcedure","module-map","store","READ","","scoped","LOW","قراءة","","server/routers/storeAdminRouter.ts:327"
"trpc","storeAdminRouter","list","store.store_admin.list","query","storeReadProcedure","module-map","store","READ","","scoped","LOW","قراءة","","server/routers/storeAdminRouter.ts:395"
"trpc","storeAdminRouter","listProducts","store.store_admin.list","query","storeReadProcedure","module-map","store","READ","","scoped","LOW","قراءة","","server/routers/storeAdminRouter.ts:257"
"trpc","storeAdminRouter","parties","store.store_admin.parties","query","storeReadProcedure","module-map","store","READ","","scoped","LOW","قراءة","","server/routers/storeAdminRouter.ts:97"
"trpc","storeAdminRouter","remove","store.store_admin.delete","mutation","storeManagerProcedure","module-gate","store","FULL","manager","required","HIGH","فعل حسّاس: remove","SENSITIVE_ACTION","server/routers/storeAdminRouter.ts:188"
"trpc","storeAdminRouter","remove","store.store_admin.delete","mutation","storeManagerProcedure","module-gate","store","FULL","manager","required","HIGH","فعل حسّاس: remove","SENSITIVE_ACTION","server/routers/storeAdminRouter.ts:233"
"trpc","storeAdminRouter","reorder","store.store_admin.reorder","mutation","storeManagerProcedure","module-gate","store","FULL","manager","required","MEDIUM","كتابة","","server/routers/storeAdminRouter.ts:249"
"trpc","storeAdminRouter","setFeatured","store.store_admin.update","mutation","storeManagerProcedure","module-gate","store","FULL","manager","required","MEDIUM","كتابة","","server/routers/storeAdminRouter.ts:287"
"trpc","storeAdminRouter","setImage","store.store_admin.update","mutation","storeManagerProcedure","module-gate","store","FULL","manager","required","MEDIUM","كتابة","","server/routers/storeAdminRouter.ts:310"
"trpc","storeAdminRouter","setStatus","store.store_admin.update","mutation","storeFulfillProcedure","module-gate","store","FULL","manager|cashier|sales_rep","required","MEDIUM","كتابة","","server/routers/storeAdminRouter.ts:81"
"trpc","storeAdminRouter","setStock","store.store_admin.update","mutation","storeManagerProcedure","module-gate","store","FULL","manager","required","MEDIUM","كتابة","","server/routers/storeAdminRouter.ts:301"
"trpc","storeAdminRouter","setVisibility","store.store_admin.update","mutation","storeManagerProcedure","module-gate","store","FULL","manager","required","MEDIUM","كتابة","","server/routers/storeAdminRouter.ts:241"
"trpc","storeAdminRouter","setVisible","store.store_admin.update","mutation","storeManagerProcedure","module-gate","store","FULL","manager","required","MEDIUM","كتابة","","server/routers/storeAdminRouter.ts:294"
"trpc","storeAdminRouter","summary","store.store_admin.view","query","storeReadProcedure","module-map","store","READ","","scoped","LOW","قراءة","","server/routers/storeAdminRouter.ts:375"
"trpc","storeAdminRouter","update","store.store_admin.update","mutation","storeManagerProcedure","module-gate","store","FULL","manager","required","MEDIUM","كتابة","","server/routers/storeAdminRouter.ts:173"
"trpc","storeAdminRouter","update","store.store_admin.update","mutation","storeManagerProcedure","module-gate","store","FULL","manager","required","MEDIUM","كتابة","","server/routers/storeAdminRouter.ts:198"
"trpc","storeAdminRouter","update","store.store_admin.update","mutation","storeManagerProcedure","module-gate","store","FULL","manager","required","MEDIUM","كتابة","","server/routers/storeAdminRouter.ts:225"
"trpc","storefrontRouter","banners","storefront.storefront.banners","query","publicProcedure","none","","","","none","LOW","قراءة","READ_WITHOUT_MODULE_GATE|UNAUTHENTICATED","server/routers/storefrontRouter.ts:52"
"trpc","storefrontRouter","catalog","storefront.storefront.catalog","query","publicProcedure","none","","","","none","LOW","قراءة","READ_WITHOUT_MODULE_GATE|UNAUTHENTICATED","server/routers/storefrontRouter.ts:72"
"trpc","storefrontRouter","categories","storefront.storefront.categories","query","publicProcedure","none","","","","none","LOW","قراءة","READ_WITHOUT_MODULE_GATE|UNAUTHENTICATED","server/routers/storefrontRouter.ts:46"
"trpc","storefrontRouter","createOrder","storefront.storefront.create","mutation","publicProcedure","none","","","","none","MEDIUM","كتابة","WRITE_WITHOUT_MODULE_GATE|UNAUTHENTICATED","server/routers/storefrontRouter.ts:103"
"trpc","storefrontRouter","labelSummary","storefront.storefront.print","query","labelSummaryProcedure","token","","","","token","LOW","قراءة","LOCAL_GATE","server/routers/storefrontRouter.ts:145"
"trpc","storefrontRouter","offers","storefront.storefront.offers","query","publicProcedure","none","","","","none","LOW","قراءة","READ_WITHOUT_MODULE_GATE|UNAUTHENTICATED","server/routers/storefrontRouter.ts:49"
"trpc","storefrontRouter","product","storefront.storefront.product","query","publicProcedure","none","","","","none","LOW","قراءة","READ_WITHOUT_MODULE_GATE|UNAUTHENTICATED","server/routers/storefrontRouter.ts:89"
"trpc","storefrontRouter","related","storefront.storefront.related","query","publicProcedure","none","","","","none","LOW","قراءة","READ_WITHOUT_MODULE_GATE|UNAUTHENTICATED","server/routers/storefrontRouter.ts:94"
"trpc","storefrontRouter","settings","storefront.storefront.update","query","publicProcedure","none","","","","none","LOW","قراءة","READ_WITHOUT_MODULE_GATE|UNAUTHENTICATED","server/routers/storefrontRouter.ts:69"
"trpc","storefrontRouter","trackBanner","storefront.storefront.track_banner","mutation","publicProcedure","none","","","","none","MEDIUM","كتابة","WRITE_WITHOUT_MODULE_GATE|UNAUTHENTICATED","server/routers/storefrontRouter.ts:55"
"trpc","storefrontRouter","trackConversion","storefront.storefront.track_conversion","mutation","publicProcedure","none","","","","none","MEDIUM","كتابة","WRITE_WITHOUT_MODULE_GATE|UNAUTHENTICATED","server/routers/storefrontRouter.ts:64"
"trpc","storefrontRouter","trackOrder","storefront.storefront.track_order","query","publicProcedure","none","","","","none","LOW","قراءة","READ_WITHOUT_MODULE_GATE|UNAUTHENTICATED","server/routers/storefrontRouter.ts:140"
"trpc","supplierRouter","activate","purchasing.supplier.activate","mutation","suppliersManagerProcedure","module-gate","suppliers","FULL","manager|warehouse|purchasing","required","MEDIUM","كتابة","","server/routers/supplierRouter.ts:193"
"trpc","supplierRouter","create","purchasing.supplier.create","mutation","suppliersManagerProcedure","module-gate","suppliers","FULL","manager|warehouse|purchasing","required","MEDIUM","كتابة","","server/routers/supplierRouter.ts:78"
"trpc","supplierRouter","deactivate","purchasing.supplier.revoke","mutation","suppliersManagerProcedure","module-gate","suppliers","FULL","manager|warehouse|purchasing","required","MEDIUM","كتابة","","server/routers/supplierRouter.ts:185"
"trpc","supplierRouter","delete","purchasing.supplier.delete","mutation","managerProcedure","raw-role","","","manager","none","HIGH","فعل حسّاس: delete","RAW_ROLE_GATE|SENSITIVE_ACTION","server/routers/supplierRouter.ts:203"
"trpc","supplierRouter","findSimilar","purchasing.supplier.list","query","suppliersReadProcedure","module-map","suppliers","READ","","none","LOW","قراءة","NO_BRANCH_SCOPE","server/routers/supplierRouter.ts:69"
"trpc","supplierRouter","get","purchasing.supplier.view","query","suppliersReadProcedure","module-map","suppliers","READ","","none","LOW","قراءة","NO_BRANCH_SCOPE","server/routers/supplierRouter.ts:59"
"trpc","supplierRouter","list","purchasing.supplier.list","query","suppliersReadProcedure","module-map","suppliers","READ","","none","LOW","قراءة","NO_BRANCH_SCOPE","server/routers/supplierRouter.ts:35"
"trpc","supplierRouter","search","purchasing.supplier.list","query","suppliersReadProcedure","module-map","suppliers","READ","","none","LOW","قراءة","NO_BRANCH_SCOPE","server/routers/supplierRouter.ts:40"
"trpc","supplierRouter","summary","purchasing.supplier.view","query","managerProcedure","raw-role","","","manager","none","LOW","قراءة","RAW_ROLE_GATE","server/routers/supplierRouter.ts:24"
"trpc","supplierRouter","update","purchasing.supplier.update","mutation","suppliersManagerProcedure","module-gate","suppliers","FULL","manager|warehouse|purchasing","required","MEDIUM","كتابة","","server/routers/supplierRouter.ts:128"
"trpc","systemRouter","backupNow","admin.system.backup_now","mutation","adminProcedure","admin","","","admin","none","MEDIUM","كتابة","ADMIN_ONLY","server/routers/systemRouter.ts:90"
"trpc","systemRouter","deleteBackup","admin.system.delete","mutation","adminProcedure","admin","","","admin","none","HIGH","فعل حسّاس: delete","ADMIN_ONLY|SENSITIVE_ACTION","server/routers/systemRouter.ts:97"
"trpc","systemRouter","getOpeningMode","admin.system.view","query","protectedProcedure","none","","","","none","LOW","قراءة","READ_WITHOUT_MODULE_GATE","server/routers/systemRouter.ts:176"
"trpc","systemRouter","getOpeningProgress","admin.system.view","query","protectedProcedure","none","","","","none","LOW","قراءة","READ_WITHOUT_MODULE_GATE","server/routers/systemRouter.ts:179"
"trpc","systemRouter","getTaxSettings","admin.system.view","query","protectedProcedure","none","","","","none","LOW","قراءة","READ_WITHOUT_MODULE_GATE","server/routers/systemRouter.ts:151"
"trpc","systemRouter","health","admin.system.health","query","publicProcedure","none","","","","none","LOW","قراءة","READ_WITHOUT_MODULE_GATE|UNAUTHENTICATED","server/routers/systemRouter.ts:52"
"trpc","systemRouter","listBackups","admin.system.list","query","adminProcedure","admin","","","admin","none","LOW","قراءة","ADMIN_ONLY","server/routers/systemRouter.ts:84"
"trpc","systemRouter","resetSystem","admin.system.reset_system","mutation","adminProcedure","admin","","","admin","none","HIGH","فعل حسّاس: reset","ADMIN_ONLY|SENSITIVE_ACTION","server/routers/systemRouter.ts:138"
"trpc","systemRouter","restoreBackup","admin.system.restore_backup","mutation","adminProcedure","admin","","","admin","none","MEDIUM","كتابة","ADMIN_ONLY","server/routers/systemRouter.ts:105"
"trpc","systemRouter","restoreUpload","admin.system.restore_upload","mutation","adminProcedure","admin","","","admin","none","MEDIUM","كتابة","ADMIN_ONLY","server/routers/systemRouter.ts:120"
"trpc","systemRouter","systemInfo","admin.system.system_info","query","adminProcedure","admin","","","admin","none","LOW","قراءة","ADMIN_ONLY","server/routers/systemRouter.ts:55"
"trpc","systemRouter","updateOpeningMode","admin.system.update","mutation","adminProcedure","admin","","","admin","none","MEDIUM","كتابة","ADMIN_ONLY","server/routers/systemRouter.ts:182"
"trpc","systemRouter","updateTaxSettings","admin.system.update","mutation","adminProcedure","admin","","","admin","none","MEDIUM","كتابة","ADMIN_ONLY","server/routers/systemRouter.ts:154"
"trpc","tasksRouter","addComment","tasks.task.create","mutation","tasksWriteProcedure","module-gate","tasks","FULL","cashier|manager|sales_rep|print_operator","required","MEDIUM","كتابة","","server/routers/tasksRouter.ts:140"
"trpc","tasksRouter","assign","tasks.task.update","mutation","tasksManagerProcedure","module-gate","tasks","FULL","manager","required","MEDIUM","كتابة","","server/routers/tasksRouter.ts:149"
"trpc","tasksRouter","assignableStaff","tasks.task.update","query","tasksReadProcedure","module-map","tasks","READ","","scoped","LOW","قراءة","","server/routers/tasksRouter.ts:64"
"trpc","tasksRouter","cancel","tasks.task.void","mutation","tasksManagerProcedure","module-gate","tasks","FULL","manager","required","HIGH","فعل حسّاس: cancel","SENSITIVE_ACTION","server/routers/tasksRouter.ts:165"
"trpc","tasksRouter","claim","tasks.task.claim","mutation","tasksWriteProcedure","module-gate","tasks","FULL","cashier|manager|sales_rep|print_operator","required","MEDIUM","كتابة","","server/routers/tasksRouter.ts:108"
"trpc","tasksRouter","create","tasks.task.create","mutation","tasksWriteProcedure","module-gate","tasks","FULL","cashier|manager|sales_rep|print_operator","required","MEDIUM","كتابة","","server/routers/tasksRouter.ts:72"
"trpc","tasksRouter","get","tasks.task.view","query","tasksReadProcedure","module-map","tasks","READ","","scoped","LOW","قراءة","","server/routers/tasksRouter.ts:59"
"trpc","tasksRouter","list","tasks.task.list","query","tasksReadProcedure","module-map","tasks","READ","","scoped","LOW","قراءة","","server/routers/tasksRouter.ts:40"
"trpc","tasksRouter","reopen","tasks.task.reopen","mutation","tasksManagerProcedure","module-gate","tasks","FULL","manager","required","HIGH","فعل حسّاس: reopen","SENSITIVE_ACTION","server/routers/tasksRouter.ts:157"
"trpc","tasksRouter","resolve","tasks.task.resolve","mutation","tasksWriteProcedure","module-gate","tasks","FULL","cashier|manager|sales_rep|print_operator","required","MEDIUM","كتابة","","server/routers/tasksRouter.ts:128"
"trpc","tasksRouter","resume","tasks.task.resume","mutation","tasksWriteProcedure","module-gate","tasks","FULL","cashier|manager|sales_rep|print_operator","required","MEDIUM","كتابة","","server/routers/tasksRouter.ts:122"
"trpc","tasksRouter","serviceTypes.list","tasks.service_types.list","query","tasksReadProcedure","module-map","tasks","READ","","scoped","LOW","قراءة","","server/routers/tasksRouter.ts:176"
"trpc","tasksRouter","setWaiting","tasks.task.update","mutation","tasksWriteProcedure","module-gate","tasks","FULL","cashier|manager|sales_rep|print_operator","required","MEDIUM","كتابة","","server/routers/tasksRouter.ts:114"
"trpc","treasuryRouter","acceptHandoverReceipt","treasury.treasury.accept_handover_receipt","mutation","treasuryRead","module-map","treasury","READ","","scoped","MEDIUM","كتابة","LOCAL_GATE","server/routers/treasuryRouter.ts:39"
"trpc","treasuryRouter","fundTreasury","treasury.treasury.fund_treasury","mutation","managerBranchScopedProcedure","raw-role","treasury","FULL","manager","asserted","MEDIUM","كتابة","RAW_ROLE_GATE","server/routers/treasuryRouter.ts:171"
"trpc","treasuryRouter","getCashFlowSeries","treasury.treasury.view","query","treasuryRead","module-map","treasury","READ","","scoped","LOW","قراءة","LOCAL_GATE","server/routers/treasuryRouter.ts:90"
"trpc","treasuryRouter","getDashboard","treasury.treasury.view","query","treasuryRead","module-map","treasury","READ","","scoped","LOW","قراءة","LOCAL_GATE","server/routers/treasuryRouter.ts:54"
"trpc","treasuryRouter","getKpiTrends","treasury.treasury.view","query","treasuryRead","module-map","treasury","READ","","scoped","LOW","قراءة","LOCAL_GATE","server/routers/treasuryRouter.ts:124"
"trpc","treasuryRouter","getOpenShifts","treasury.treasury.view","query","treasuryRead","module-map","treasury","READ","","scoped","LOW","قراءة","LOCAL_GATE","server/routers/treasuryRouter.ts:141"
"trpc","treasuryRouter","getPaymentMethodBreakdown","treasury.treasury.view","query","treasuryRead","module-map","treasury","READ","","scoped","LOW","قراءة","LOCAL_GATE","server/routers/treasuryRouter.ts:107"
"trpc","treasuryRouter","getRecentMovements","treasury.treasury.view","query","treasuryRead","module-map","treasury","READ","","scoped","LOW","قراءة","LOCAL_GATE","server/routers/treasuryRouter.ts:72"
"trpc","treasuryRouter","pendingHandoverReceipts","treasury.treasury.pending_handover_receipts","query","treasuryRead","module-map","treasury","READ","","scoped","LOW","قراءة","LOCAL_GATE","server/routers/treasuryRouter.ts:30"
"trpc","userRouter","changePassword","iam.user.change_password","mutation","protectedProcedure","none","","","","none","MEDIUM","كتابة","WRITE_WITHOUT_MODULE_GATE","server/routers/userRouter.ts:276"
"trpc","userRouter","checkEmail","iam.user.check_email","query","adminProcedure","admin","","","admin","none","LOW","قراءة","ADMIN_ONLY","server/routers/userRouter.ts:66"
"trpc","userRouter","checkUsername","iam.user.check_username","query","adminProcedure","admin","","","admin","none","LOW","قراءة","ADMIN_ONLY","server/routers/userRouter.ts:71"
"trpc","userRouter","create","iam.user.create","mutation","adminProcedure","admin","","","admin","none","MEDIUM","كتابة","ADMIN_ONLY","server/routers/userRouter.ts:84"
"trpc","userRouter","delete","iam.user.delete","mutation","adminProcedure","admin","","","admin","none","HIGH","فعل حسّاس: delete","ADMIN_ONLY|SENSITIVE_ACTION","server/routers/userRouter.ts:175"
"trpc","userRouter","effectivePermissions","iam.user.effective_permissions","query","adminProcedure","admin","","","admin","none","LOW","قراءة","ADMIN_ONLY","server/routers/userRouter.ts:61"
"trpc","userRouter","generatePassword","iam.user.generate_password","query","adminProcedure","admin","","","admin","none","LOW","قراءة","ADMIN_ONLY","server/routers/userRouter.ts:81"
"trpc","userRouter","get","iam.user.view","query","adminProcedure","admin","","","admin","none","LOW","قراءة","ADMIN_ONLY","server/routers/userRouter.ts:55"
"trpc","userRouter","list","iam.user.list","query","adminProcedure","admin","","","admin","none","LOW","قراءة","ADMIN_ONLY","server/routers/userRouter.ts:41"
"trpc","userRouter","resetPassword","iam.user.reset_password","mutation","adminProcedure","admin","","","admin","none","HIGH","فعل حسّاس: reset","ADMIN_ONLY|SENSITIVE_ACTION","server/routers/userRouter.ts:198"
"trpc","userRouter","resetTwoFactor","iam.user.reset_two_factor","mutation","adminProcedure","admin","","","admin","none","HIGH","فعل حسّاس: reset","ADMIN_ONLY|SENSITIVE_ACTION","server/routers/userRouter.ts:228"
"trpc","userRouter","revokeSession","iam.user.revoke","mutation","adminProcedure","admin","","","admin","none","HIGH","فعل حسّاس: revoke","ADMIN_ONLY|SENSITIVE_ACTION","server/routers/userRouter.ts:262"
"trpc","userRouter","revokeSessions","iam.user.revoke","mutation","adminProcedure","admin","","","admin","none","HIGH","فعل حسّاس: revoke","ADMIN_ONLY|SENSITIVE_ACTION","server/routers/userRouter.ts:242"
"trpc","userRouter","sessions","iam.user.sessions","query","adminProcedure","admin","","","admin","none","LOW","قراءة","ADMIN_ONLY","server/routers/userRouter.ts:257"
"trpc","userRouter","setActive","iam.user.update","mutation","adminProcedure","admin","","","admin","none","MEDIUM","كتابة","ADMIN_ONLY","server/routers/userRouter.ts:183"
"trpc","userRouter","suggestUsername","iam.user.suggest_username","query","adminProcedure","admin","","","admin","none","LOW","قراءة","ADMIN_ONLY","server/routers/userRouter.ts:76"
"trpc","userRouter","update","iam.user.update","mutation","adminProcedure","admin","","","admin","none","MEDIUM","كتابة","ADMIN_ONLY","server/routers/userRouter.ts:116"
"trpc","userRouter","usage","iam.user.usage","query","adminProcedure","admin","","","admin","none","LOW","قراءة","ADMIN_ONLY","server/routers/userRouter.ts:170"
"trpc","voucherRouter","aggregate","treasury.voucher.aggregate","query","treasuryManagerReadProcedure","module-gate","treasury","READ","manager|accountant","required","LOW","قراءة","","server/routers/voucherRouter.ts:199"
"trpc","voucherRouter","approve","treasury.voucher.approve","mutation","treasuryManagerProcedure","module-gate","treasury","FULL","manager|accountant","required","HIGH","فعل حسّاس: approve","SENSITIVE_ACTION","server/routers/voucherRouter.ts:117"
"trpc","voucherRouter","cancel","treasury.voucher.void","mutation","treasuryManagerProcedure","module-gate","treasury","FULL","manager|accountant","required","HIGH","فعل حسّاس: cancel","SENSITIVE_ACTION","server/routers/voucherRouter.ts:159"
"trpc","voucherRouter","create","treasury.voucher.create","mutation","treasuryManagerProcedure","module-gate","treasury","FULL","manager|accountant","required","MEDIUM","كتابة","","server/routers/voucherRouter.ts:54"
"trpc","voucherRouter","create","treasury.voucher.create","mutation","adminProcedure","admin","","","admin","none","MEDIUM","كتابة","ADMIN_ONLY","server/routers/voucherRouter.ts:321"
"trpc","voucherRouter","get","treasury.voucher.view","query","treasuryManagerReadProcedure","module-gate","treasury","READ","manager|accountant","required","LOW","قراءة","","server/routers/voucherRouter.ts:207"
"trpc","voucherRouter","list","treasury.voucher.list","query","treasuryManagerReadProcedure","module-gate","treasury","READ","manager|accountant","required","LOW","قراءة","","server/routers/voucherRouter.ts:179"
"trpc","voucherRouter","list","treasury.voucher.list","query","treasuryManagerReadProcedure","module-gate","treasury","READ","manager|accountant","required","LOW","قراءة","","server/routers/voucherRouter.ts:309"
"trpc","voucherRouter","merge","treasury.voucher.merge","mutation","adminProcedure","admin","","","admin","none","MEDIUM","كتابة","ADMIN_ONLY","server/routers/voucherRouter.ts:396"
"trpc","voucherRouter","recentForParty","treasury.voucher.recent_for_party","query","treasuryManagerReadProcedure","module-gate","treasury","READ","manager|accountant","required","LOW","قراءة","","server/routers/voucherRouter.ts:218"
"trpc","voucherRouter","reject","treasury.voucher.reject","mutation","treasuryManagerProcedure","module-gate","treasury","FULL","manager|accountant","required","HIGH","فعل حسّاس: reject","SENSITIVE_ACTION","server/routers/voucherRouter.ts:138"
"trpc","voucherRouter","setActive","treasury.voucher.update","mutation","adminProcedure","admin","","","admin","none","MEDIUM","كتابة","ADMIN_ONLY","server/routers/voucherRouter.ts:379"
"trpc","voucherRouter","thresholds","treasury.voucher.thresholds","query","treasuryManagerReadProcedure","module-gate","treasury","READ","manager|accountant","required","LOW","قراءة","","server/routers/voucherRouter.ts:50"
"trpc","voucherRouter","update","treasury.voucher.update","mutation","adminProcedure","admin","","","admin","none","MEDIUM","كتابة","ADMIN_ONLY","server/routers/voucherRouter.ts:350"
"trpc","workOrderRouter","assign","workorders.work_order.update","mutation","workordersManagerProcedure","module-gate","workorders","FULL","manager","required","MEDIUM","كتابة","","server/routers/workOrderRouter.ts:423"
"trpc","workOrderRouter","assignableStaff","workorders.work_order.update","query","workordersCashierProcedure","module-gate","workorders","FULL","cashier|manager","required","LOW","قراءة","","server/routers/workOrderRouter.ts:398"
"trpc","workOrderRouter","cancel","workorders.work_order.void","mutation","workordersManagerProcedure","module-gate","workorders","FULL","manager","required","HIGH","فعل حسّاس: cancel","SENSITIVE_ACTION","server/routers/workOrderRouter.ts:712"
"trpc","workOrderRouter","claim","workorders.work_order.claim","mutation","workordersExecProcedure","module-gate","workorders","FULL","cashier|manager|print_operator","required","MEDIUM","كتابة","","server/routers/workOrderRouter.ts:652"
"trpc","workOrderRouter","counts","workorders.work_order.counts","query","workordersReadProcedure","module-map","workorders","READ","","scoped","LOW","قراءة","","server/routers/workOrderRouter.ts:259"
"trpc","workOrderRouter","create","workorders.work_order.create","mutation","workordersCashierProcedure","module-gate","workorders","FULL","cashier|manager","required","MEDIUM","كتابة","","server/routers/workOrderRouter.ts:544"
"trpc","workOrderRouter","deliver","workorders.work_order.deliver","mutation","workordersCashierProcedure","module-gate","workorders","FULL","cashier|manager","required","MEDIUM","كتابة","","server/routers/workOrderRouter.ts:683"
"trpc","workOrderRouter","get","workorders.work_order.view","query","workordersReadProcedure","module-map","workorders","READ","","scoped","LOW","قراءة","","server/routers/workOrderRouter.ts:306"
"trpc","workOrderRouter","list","workorders.work_order.list","query","workordersReadProcedure","module-map","workorders","READ","","scoped","LOW","قراءة","","server/routers/workOrderRouter.ts:154"
"trpc","workOrderRouter","markReady","workorders.work_order.mark_ready","mutation","workordersExecProcedure","module-gate","workorders","FULL","cashier|manager|print_operator","required","MEDIUM","كتابة","","server/routers/workOrderRouter.ts:675"
"trpc","workOrderRouter","receptionCheckout","workorders.work_order.reception_checkout","mutation","workordersCashierProcedure","module-gate","workorders","FULL","cashier|manager","required","MEDIUM","كتابة","","server/routers/workOrderRouter.ts:480"
"trpc","workOrderRouter","start","workorders.work_order.create","mutation","workordersExecProcedure","module-gate","workorders","FULL","cashier|manager|print_operator","required","MEDIUM","كتابة","","server/routers/workOrderRouter.ts:667"
"trpc","workOrderRouter","timeline","workorders.work_order.timeline","query","workordersReadProcedure","module-map","workorders","READ","","scoped","LOW","قراءة","","server/routers/workOrderRouter.ts:456"
"trpc","yearEndRouter","close","accounting.year_end.close","mutation","adminProcedure","admin","","","admin","none","HIGH","فعل حسّاس: close","ADMIN_ONLY|SENSITIVE_ACTION","server/routers/yearEndRouter.ts:11"
"trpc","yearEndRouter","list","accounting.year_end.list","query","adminProcedure","admin","","","admin","none","LOW","قراءة","ADMIN_ONLY","server/routers/yearEndRouter.ts:39"
"express","(express)","GET /status","","route","GET","raw-role","","","admin|manager|open-shift","","HIGH","طباعة خام — أدمن/مدير أو وردية مفتوحة","EXPRESS_SURFACE|RAW_ROLE_GATE|SENSITIVE_ACTION","server/printRoute.ts:50"
"express","(express)","POST /raw","","route","POST","raw-role","","","admin|manager|open-shift","","HIGH","طباعة خام — أدمن/مدير أو وردية مفتوحة","EXPRESS_SURFACE|RAW_ROLE_GATE|SENSITIVE_ACTION","server/printRoute.ts:57"
"express","(express)","POST /test","","route","POST","raw-role","","","admin|manager|open-shift","","HIGH","طباعة خام — أدمن/مدير أو وردية مفتوحة","EXPRESS_SURFACE|RAW_ROLE_GATE|SENSITIVE_ACTION","server/printRoute.ts:91"
"express","(express)","GET /banner/:id/:slot","","route","GET","public","","","public","","LOW","صور عامّة (بنر/منتج)","EXPRESS_SURFACE|UNAUTHENTICATED","server/imageRoute.ts:172"
"express","(express)","GET /product/:id","","route","GET","public","","","public","","LOW","صور عامّة (بنر/منتج)","EXPRESS_SURFACE|UNAUTHENTICATED","server/imageRoute.ts:214"
"express","(express)","GET /kiosk-product/:id","","route","GET","device","","","kiosk","","MEDIUM","جهاز كشك — يتجاوز showInStore (كتالوج مخفيّ)","EXPRESS_SURFACE","server/imageRoute.ts:254"
"express","(express)","GET /download","","route","GET","admin","","","admin","","HIGH","كوكي+CSRF، أدمن — تنزيل نسخة كاملة","EXPRESS_SURFACE|ADMIN_ONLY|SENSITIVE_ACTION","server/backupRoutes.ts:13"
"express","(express)","GET /whatsapp","","route","GET","hmac","","","integration","","MEDIUM","توقيع HMAC — Principal تكامل (كتابة صندوق وارد)","EXPRESS_SURFACE","server/routes/channelWebhooks.ts:144"
"express","(express)","POST /whatsapp","","route","POST","hmac","","","integration","","MEDIUM","توقيع HMAC — Principal تكامل (كتابة صندوق وارد)","EXPRESS_SURFACE","server/routes/channelWebhooks.ts:172"
"express","(express)","GET /instagram","","route","GET","hmac","","","integration","","MEDIUM","توقيع HMAC — Principal تكامل (كتابة صندوق وارد)","EXPRESS_SURFACE","server/routes/channelWebhooks.ts:202"
"express","(express)","POST /instagram","","route","POST","hmac","","","integration","","MEDIUM","توقيع HMAC — Principal تكامل (كتابة صندوق وارد)","EXPRESS_SURFACE","server/routes/channelWebhooks.ts:210"
"express","(express)","POST /store","","route","POST","hmac","","","integration","","MEDIUM","توقيع HMAC — Principal تكامل (كتابة صندوق وارد)","EXPRESS_SURFACE","server/routes/channelWebhooks.ts:240"
"express","(express)","GET /:messageId","","route","GET","none","","","session","","HIGH","جلسة مستخدم — وسائط محادثات (PII)","EXPRESS_SURFACE|SENSITIVE_ACTION","server/routes/waMedia.ts:47"
"express","(express)","GET /.well-known/assetlinks.json","","route","GET","public","","","public","","LOW","عامّ بالتصميم","EXPRESS_SURFACE|UNAUTHENTICATED","server/wellKnown.ts:21"
"express","(express)","GET /healthz","","route","GET","public","","","public","","LOW","فحص صحّة عامّ","EXPRESS_SURFACE|UNAUTHENTICATED","server/index.ts:155"
"express-mount","(express)","MOUNT /api/trpc","","mount","MOUNT","mount","","","","","","نقطة تركيب (tenancy/csrf middleware)","EXPRESS_SURFACE","server/index.ts:284"
"express-mount","(express)","MOUNT /api/trpc","","mount","MOUNT","mount","","","","","","نقطة تركيب (tenancy/csrf middleware)","EXPRESS_SURFACE","server/index.ts:292"
"express-mount","(express)","MOUNT /api/trpc","","mount","MOUNT","mount","","","","","","نقطة تركيب (tenancy/csrf middleware)","EXPRESS_SURFACE","server/index.ts:325"
"express-mount","(express)","MOUNT /api/trpc","","mount","MOUNT","mount","","","","","","نقطة تركيب (tenancy/csrf middleware)","EXPRESS_SURFACE","server/index.ts:328"
"express-mount","(express)","MOUNT /api/print","","mount","MOUNT","mount","","","","","","نقطة تركيب (tenancy/csrf middleware)","EXPRESS_SURFACE","server/index.ts:333"
"express-mount","(express)","MOUNT /api/img","","mount","MOUNT","mount","","","","","","نقطة تركيب (tenancy/csrf middleware)","EXPRESS_SURFACE","server/index.ts:339"
"express-mount","(express)","MOUNT /api/backups","","mount","MOUNT","mount","","","","","","نقطة تركيب (tenancy/csrf middleware)","EXPRESS_SURFACE","server/index.ts:344"
"express-mount","(express)","MOUNT /api/wa/media","","mount","MOUNT","mount","","","","","","نقطة تركيب (tenancy/csrf middleware)","EXPRESS_SURFACE","server/index.ts:348"
"express-mount","(express)","MOUNT /api/webhooks","","mount","MOUNT","mount","","","","","","نقطة تركيب (tenancy/csrf middleware)","EXPRESS_SURFACE","server/index.ts:355"
"express-mount","(express)","MOUNT /api/webhooks/company/:companyCode","","mount","MOUNT","mount","","","","","","نقطة تركيب (tenancy/csrf middleware)","EXPRESS_SURFACE","server/index.ts:356"
"job","(scheduled)","interval","","interval","interval","none","","","","","","","JOB_NO_PRINCIPAL","server/routers/authRouter.ts:59"
"job","(scheduled)","interval","","interval","interval","none","","","","","","","JOB_NO_PRINCIPAL","server/routers/saleRouter.ts:43"
"job","(scheduled)","interval","","interval","interval","none","","","","","","","JOB_NO_PRINCIPAL","server/services/hrDevices/bridge.ts:60"
"job","(scheduled)","cron","","cron","cron","none","","","","","","","JOB_NO_PRINCIPAL","server/services/morningPushScheduler.ts:164"
"job","(scheduled)","cron","","cron","cron","none","","","","","","","JOB_NO_PRINCIPAL","server/services/whatsapp/outboxSweeper.ts:89"